Ország / hu	Ország / ru	Előfordulás	Országtöredék	Példa
Amerikai_Egyesült_Államok	США	304	Америка	г. Амбой, Америка
Amerikai_Egyesült_Államok	США	175	Америка,	Америка, г. Айтонойго
Amerikai_Egyesült_Államok	США	31	США	Диксон ситипа, США
Amerikai_Egyesült_Államok	США	18	США,	США, Бриджпорт
Amerikai_Egyesült_Államok	США	6	УША	г. Чикола, УША
Amerikai_Egyesült_Államok	США	6	Уша	США, г. Уша
Amerikai_Egyesült_Államok	США	5	Америке	с. Филоделфие, обл. Америке
Amerikai_Egyesült_Államok	США	5	Америке	в Америке
Amerikai_Egyesült_Államok	США	3	УСА	Северная Америка, г. Бетлегек, УСА
Amerikai_Egyesült_Államok	США	2	Америки	с. Траугер, обл. Нопсельвания, США Соед. Штаты Америки
Amerikai_Egyesült_Államok	США	2	Ю. Америка	Ю. Америка, г. Варош, ул. Висканцан
Amerikai_Egyesült_Államok	США	1	(Америка)	г. Ньюрк, США (Америка)
Amerikai_Egyesült_Államok	США	1	Амарика	с. Микеспорт, Сев. Амарика
Amerikai_Egyesült_Államok	США	1	Америко,	Америко, Леплетон
Amerikai_Egyesült_Államok	США	1	Америна,	Америна, обл. Пейзельваннул, г. Духкиш
Amerikai_Egyesült_Államok	США	1	САСШ,	САСШ, г. Филадельфия
Ausztria	Австрия	17	Австралия	г. Бейге, Австралия
Ausztria	Австрия	17	Австралия	с. Фелишарамон, Австралия
Ausztria	Австрия	5	Австралия,	Австралия, г. Лаубен
Ausztria	Австрия	2	Австралии	г. Паваминд, в Австралии
Ausztria	Австрия	1	Австралийская	Австралийская граница, г. Сентготару
Ausztria	Австрия	25855	Австрия	г. Люснигандер, Австрия
Ausztria	Австрия	25855	австрия	г. Вена, австрия
Ausztria	Австрия	25855	Австрия	Самиелотен, Австрия
Ausztria	Австрия	25855	австрия	г. Оберплан, австрия
Ausztria	Австрия	7808	Австрия,	Австрия, Чодрош окр., г. Чодрош
Ausztria	Австрия	7808	Австрия,	Австрия, г. Доаглансберг
Ausztria	Австрия	7808	австрия,	австрия, Фельдбах
Ausztria	Австрия	669	Австр.	Торцов Зентар Модер, Австр.
Ausztria	Австрия	669	Австр.	г. Линз, Австр.
Ausztria	Австрия	411	Австрии	г. Бейч-Виден, Австрии
Ausztria	Австрия	411	Австрии	г. Марбург, в Австрии
Ausztria	Австрия	71	Авст.	г. Чроссанктфлорая, Авст.
Ausztria	Австрия	35	Австр.,	Австр., Ав Раклотахи
Ausztria	Австрия	12	Авст.,	Авст., Прегартон
Ausztria	Австрия	9	Автрия,	Автрия, г. Амштсойе
Ausztria	Австрия	8	Автрия	г. Дейчланцберг, Автрия
Ausztria	Австрия	5	Австрийская	Австрийская граница
Ausztria	Австрия	4	Австиря	г. Хогено, Австиря
Ausztria	Австрия	4	Австри.	г. Штифтангребан, Австри.
Ausztria	Австрия	4	Австрией	с. Сарвашлак, на границе с Австрией
Ausztria	Австрия	2	Австиря,	Австиря, г. Бригортеп
Ausztria	Австрия	2	Австия	г. Грац, Австия
Ausztria	Австрия	2	Австр	г. Грац, Австр
Ausztria	Австрия	2	Австрийска	г. Хсилорун, Австрийска
Ausztria	Австрия	2	Австрия.	Австрия. г. Унтерхайд
Ausztria	Австрия	2	Австря	г. Фрадт, обл. Австря
Ausztria	Австрия	2	Автсрия	г. Вена, Автсрия
Ausztria	Австрия	1	(Венгрия),	(Венгрия), г. Фронлейтен, Австрия
Ausztria	Австрия	1	(Герм.)	г. Штаер, Австрия (Герм.)
Ausztria	Австрия	1	Авсирия,	Авсирия, г. Перзенбайк
Ausztria	Австрия	1	Авсрия	д. Быронфалу, пров. Зап. Авсрия
Ausztria	Австрия	1	Авсрия,	Авсрия, пр. Бургенланд, с. Фельшюор
Ausztria	Австрия	1	Авствия	г. Грац, Авствия
Ausztria	Австрия	1	Австийска	г. Пинкафагд, Австийска
Ausztria	Австрия	1	Австоия	Линск-Дорф, Австоия
Ausztria	Австрия	1	Австр,	Австр, п. Штретау
Ausztria	Австрия	1	Австр.)	г. Дёйчланцберг, Австрия (г. Данглониберг, Австр.)
Ausztria	Австрия	1	Австревиц	Санктполтен, Австревиц
Ausztria	Австрия	1	Австри	г. Креминц, Австри
Ausztria	Австрия	1	Австрий	г. Австрий
Ausztria	Австрия	1	Австрийск.	г. Сантпелтен, Австрийск.
Ausztria	Австрия	1	Австричя	г. Грац, Австричя
Ausztria	Австрия	1	Австрия)	г. Санкт-Петер, Австрия (Сампетер, Австрия)
Ausztria	Австрия	1	Австроия,	Австроия, г. Штаер
Ausztria	Австрия	1	Австсрия,	Австсрия, Мурашетенце
Ausztria	Австрия	1	Авсьрия	г. Сампэльт, Авсьрия
Ausztria	Австрия	1	Автсрия,	Автсрия, г. Унтергаит
Ausztria-Csehszlovákia	Австрия-Чехословакия	1	Австрии-Чехословакии	с. Леопонву, на границе Австрии-Чехословакии
Ausztria-Csehszlovákia	Австрия-Чехословакия	1	(Австр.)	Чехослов. (Австр.)
Ausztria-Magyarország	Австро-Венгрия	22	Австро-Венгрия	г. Нодьварош, обл. Трансильвания, Австро-Венгрия
Ausztria-Magyarország	Австро-Венгрия	22	Австро-Венгрия	в р-не Фернич, Австро-Венгрия
Ausztria-Magyarország	Австро-Венгрия	3	Австро-Венгрия,	Австро-Венгрия, обл. Галиция, с. Лавогний
Ausztria-Magyarország	Австро-Венгрия	2	Австро-Венгрии	с. Марморать-Меди, Сигетская обл., б. Австро-Венгрии
Ausztria-Magyarország	Австро-Венгрия	2	Австрии-Венгрии	на границе Австрии-Венгрии
Ausztria-Magyarország	Австро-Венгрия	2	Австрия-Венгрия,	Австрия-Венгрия, граница
Ausztria-Magyarország	Австро-Венгрия	2	Австро-Венгрии	г. Грац, граница Австро-Венгрии
Ausztria-Magyarország	Австро-Венгрия	1	Австро-Венгр.	с. Синерваралья, р-н Сатмар, обл. Трансильв., Австро-Венгр.
Ausztria-Magyarország	Австро-Венгрия	1	Австр.-Венгер.	р-н г. Феринг, Австр.-Венгер.
Ausztria-Magyarország	Австро-Венгрия	1	Австрийско-Венгерская	Австрийско-Венгерская граница
Ausztria-Magyarország	Австро-Венгрия	1	Австро-Венгер.	Австро-Венгер. граница
Ausztria-Magyarország	Австро-Венгрия	1	Венгрия-Австрия	с. Пюнкешвашорхей, обл. Мошон, гр. Венгрия-Австрия
Ausztria-Magyarország	Австро-Венгрия	1	Венгрия-Австрия,	Венгрия-Австрия, Мипемандорф
Azerbajdzsán	АзССР	1	АзССР	в г. Баку, АзССР
Belorusszia	Белоруссия	35	Белоруссия	г. Речица, Белоруссия
Belorusszia	Белоруссия	3	Белорусия	г. Пинск, Белорусия
Belorusszia	Белоруссия	3	Белоруссия,	Белоруссия, г. Брест
Belorusszia	Белоруссия	2	Белор.	Венгрия, с. Беретьедентдо, р-н Белор.
Belorusszia	Белоруссия	2	Белоруссии	в западной Белоруссии
Belorusszia	Белоруссия	1	Белорус.	г. Секе, Белорус.
Belorusszia	Белоруссия	1	Белорусея	г. Дубно, Белорусея
Belorusszia	Белоруссия	1	Белорусия,	Белорусия, г. Пиолки
Belorusszia	Белоруссия	1	Белорусь	г. Клец, Белорусь
Csehszlovákia	Чехословакия	25674	Чехословакия	г. Дунасердакям, обл. Пошонь, Чехословакия
Csehszlovákia	Чехословакия	25674	Чехословакия	г. Молоцко, Чехословакия
Csehszlovákia	Чехословакия	7971	Чехословакия,	Чехословакия, обл. Абауй-тарно, с. Сеста
Csehszlovákia	Чехословакия	7971	Чехословакия,	Чехословакия, г. Малацки, обл. Братск
Csehszlovákia	Чехословакия	4904	Чехослов.	с. Чилиспашаш, обл. Комарко, Чехослов.
Csehszlovákia	Чехословакия	4904	Чехослов.	г. Чоп, Чехослов.
Csehszlovákia	Чехословакия	1330	Чехосл.	г. Берегово, д. Тиссакеря, Чехосл.
Csehszlovákia	Чехословакия	1330	Чехосл.	г. Брно, Чехосл.
Csehszlovákia	Чехословакия	970	Чехословак.	с. Торно, р-н берег, Чехословак.
Csehszlovákia	Чехословакия	970	Чехословак.	г. Альтлибе, Чехословак.
Csehszlovákia	Чехословакия	679	Чехослов.,	Чехослов., Эршекуйвар
Csehszlovákia	Чехословакия	679	Чехослов.,	Чехослов., г. Весели
Csehszlovákia	Чехословакия	677	ЧСР	Мадяр гедь Меч, окр. Римаканбан, обл. Темер, ЧСР
Csehszlovákia	Чехословакия	677	ЧСР	г. Крумау, ЧСР
Csehszlovákia	Чехословакия	585	Чехия	с. Вашарут, обл. Пожон, Чехия
Csehszlovákia	Чехословакия	585	Чехия	г. Прага, Чехия
Csehszlovákia	Чехословакия	322	Чехословакии	с. Велики Шураны, обл. Нитросказуб, в Чехословакии
Csehszlovákia	Чехословакия	322	Чехословакии	в Чехословакии
Csehszlovákia	Чехословакия	291	Ч-Словакия	с. Эсень, окр. Ужгород, Ч-Словакия
Csehszlovákia	Чехословакия	291	Ч-словакия	с. Лекени, обл. Геновар, Ч-словакия
Csehszlovákia	Чехословакия	291	Ч-Словакия	с. Моравка, Ч-Словакия
Csehszlovákia	Чехословакия	291	Ч-словакия	с. Корим, Ч-словакия
Csehszlovákia	Чехословакия	219	Ч/Словакия	с. Горкые Сальби, обл. Братиславск., Ч/Словакия
Csehszlovákia	Чехословакия	219	Ч/словакия	с. Носвад, окр. Комаром, Ч/словакия
Csehszlovákia	Чехословакия	219	Ч/Словакия	Турецкий Св. Мартын, Ч/Словакия
Csehszlovákia	Чехословакия	219	Ч/словакия	Мировиц, Ч/словакия
Csehszlovákia	Чехословакия	177	Чехословак.,	Чехословак., Береговская обл., Мукачевский р-н, с. Нотьгут, д. № 34
Csehszlovákia	Чехословакия	177	Чехословак.,	Чехословак., с. Верно
Csehszlovákia	Чехословакия	134	Чехославакия	Наде Капот, Чехославакия
Csehszlovákia	Чехословакия	134	Чехославакия	г. Дашице, Чехославакия
Csehszlovákia	Чехословакия	117	Ч/Слов.	д. Олтар, обл. Пожань, Ч/Слов.
Csehszlovákia	Чехословакия	117	Ч/слов.	Вовечеклово, окр. Гемер, Ч/слов.
Csehszlovákia	Чехословакия	117	Ч/Слов.	Писек, Ч/Слов.
Csehszlovákia	Чехословакия	117	Ч/слов.	Бисек, Ч/слов.
Csehszlovákia	Чехословакия	116	Чехос.	с. Кешеа, р-н Паркайн, обл. Нитро, Чехос.
Csehszlovákia	Чехословакия	116	Чехос.	д. Девиль, Чехос.
Csehszlovákia	Чехословакия	100	Чехосл.,	Чехосл., г. Кумарым, уезд Кумаром, ул. Арогкаит, № 611
Csehszlovákia	Чехословакия	100	Чехосл.,	Чехосл., г. Эльз
Csehszlovákia	Чехословакия	82	Ч.-Словакия	Ольшусемрид, Ч.-Словакия
Csehszlovákia	Чехословакия	82	Ч.-словакия	д. Чеинс-Боташ, Ч.-словакия
Csehszlovákia	Чехословакия	82	Ч.-Словакия	г. Рожны, Ч.-Словакия
Csehszlovákia	Чехословакия	82	Ч.-словакия	с. Бурзовка, Ч.-словакия
Csehszlovákia	Чехословакия	78	Ч-Слов.	д. Чемез-Ротвань, р-н Комарно, Ч-Слов.
Csehszlovákia	Чехословакия	78	Ч-слов.	с. Кайдано, р-н Берегово, Ч-слов.
Csehszlovákia	Чехословакия	78	Ч-Слов.	г. Бестерцебана, Ч-Слов.
Csehszlovákia	Чехословакия	78	Ч-слов.	г. Турзовка, Ч-слов.
Csehszlovákia	Чехословакия	54	Чехослав.	Эссен, обл. Уш город, № 27, Чехослав.
Csehszlovákia	Чехословакия	54	Чехослав.	г. Кошицы, Чехослав.
Csehszlovákia	Чехословакия	48	Чехослова.	д. Комят, Тернянский окр., д. № 41, Чехослова.
Csehszlovákia	Чехословакия	48	Чехослова.	г. Кошица, Чехослова.
Csehszlovákia	Чехословакия	43	Чехославакия,	Чехославакия, с. Шомоди, окр. Молдавия
Csehszlovákia	Чехословакия	43	Чехославакия,	Чехославакия, г. Будвайск
Csehszlovákia	Чехословакия	37	Ч/Сл.	д. Галлокезаранюш, обл. Комаром, Ч/Сл.
Csehszlovákia	Чехословакия	37	Ч/сл.	г. Рожно, обл. Гемц, Ч/сл.
Csehszlovákia	Чехословакия	37	Ч/Сл.	г. Пожон, Ч/Сл.
Csehszlovákia	Чехословакия	37	Ч/сл.	Будвайс, Ч/сл.
Csehszlovákia	Чехословакия	25	Чехосло.	с. Палашт, обл. Хони, Чехосло.
Csehszlovákia	Чехословакия	25	Чехосло.	г. Базен, Чехосло.
Csehszlovákia	Чехословакия	23	Чехо-Словакия	с. Форкаш, Чехо-Словакия
Csehszlovákia	Чехословакия	23	Чехо-Словакия	Яловец, Чехо-Словакия
Csehszlovákia	Чехословакия	23	Чехо-словакия	г. Бозин, Чехо-словакия
Csehszlovákia	Чехословакия	21	Чехослов	д. Омиутол, р-н Дунясердагель, обл. Пожань, Чехослов
Csehszlovákia	Чехословакия	21	Чехословацкое	д. Немешорособеш, р-н Мава, обл. Барш, Чехословацкое
Csehszlovákia	Чехословакия	21	Чехослов	в р-не г. Прящево, Чехослов
Csehszlovákia	Чехословакия	21	Чехословацкое	с. Бронян, Чехословацкое
Csehszlovákia	Чехословакия	20	Чехослав.,	Чехослав., окр. Угочо, с. Шоланк
Csehszlovákia	Чехословакия	20	Чехослав.,	Чехослав., г. Братислав.
Csehszlovákia	Чехословакия	19	Чехия,	Чехия, обл. Баррш, с. Надвшалло, З ул., № 161
Csehszlovákia	Чехословакия	19	Чехо-Словакия,	Чехо-Словакия, г. Мужеа
Csehszlovákia	Чехословакия	19	Чехо-словакия,	Чехо-словакия, с. В. Бычки, окр. Равих, обл. Меромор
Csehszlovákia	Чехословакия	19	Чехия,	Чехия, Новое Место
Csehszlovákia	Чехословакия	19	Чехо-Словакия,	Чехо-Словакия, г. Мези-Брод
Csehszlovákia	Чехословакия	19	Чехо-словакия,	Чехо-словакия, с. В. Бычки, окр. Рахив, обл. Мороморц
Csehszlovákia	Чехословакия	17	Ч.-Слов.	д. Шатибор, Ч.-Слов.
Csehszlovákia	Чехословакия	17	Ч.-слов.	с. Моравка, Ч.-слов.
Csehszlovákia	Чехословакия	17	ЧССР	Беш, ЧССР
Csehszlovákia	Чехословакия	16	Чехослования	г. Рожнава, окр. Рожнава, Чехослования
Csehszlovákia	Чехословакия	16	Чехослования	г. Слабинек, Чехослования
Csehszlovákia	Чехословакия	13	Ч/словак.	с. Сыльнедед, обл. Братиславль, Ч/словак.
Csehszlovákia	Чехословакия	13	Ч/словакия,	Ч/словакия, обл. Нитра Медя, с. Торноц
Csehszlovákia	Чехословакия	13	Ч/Словак.	Зогой, Ч/Словак.
Csehszlovákia	Чехословакия	13	Ч/Словакия,	Ч/Словакия, д. Комога
Csehszlovákia	Чехословакия	13	Ч/словак.	д. Базин, Ч/словак.
Csehszlovákia	Чехословакия	13	Ч/словакия,	Ч/словакия, с. Коптешем
Csehszlovákia	Чехословакия	11	Ч./Словакия	Бейка, обл. Новград, Ч./Словакия
Csehszlovákia	Чехословакия	11	Ч./словакия	с. Иока, обл. Пожонькитра, Ч./словакия
Csehszlovákia	Чехословакия	11	Ч./Словакия	Турецкий Св. Мартын, Ч./Словакия
Csehszlovákia	Чехословакия	11	Ч./словакия	Мунитц, Ч./словакия
Csehszlovákia	Чехословакия	9	Ч. Словакия	Ч. Словакия, с. Вербиц, обл. Углоч
Csehszlovákia	Чехословакия	9	Чехо-слов.	с. Надьсег, обл. Братиславское, Чехо-слов.
Csehszlovákia	Чехословакия	9	Ч. Словакия	Ч. Словакия
Csehszlovákia	Чехословакия	9	Чехо-Слов.	Брецко, Чехо-Слов.
Csehszlovákia	Чехословакия	9	Чехо-слов.	с. Поличка, Чехо-слов.
Csehszlovákia	Чехословакия	8	(Чехословакия)	д. Батево, р-н Мукочево, Закорп. Укр. (Чехословакия)
Csehszlovákia	Чехословакия	8	Ч.С.Р.	Торня-Гирчив, Абауй обл., Ч.С.Р.
Csehszlovákia	Чехословакия	8	Чехословкия	с. Нитренакель, ул. Еб, № 452, обл. Нитра, Чехословкия
Csehszlovákia	Чехословакия	8	Чехсловакия	с. Фел, обл. Братислава, Чехсловакия
Csehszlovákia	Чехословакия	8	(Чехословакия)	с. Хомеч, Венгрия (Чехословакия)
Csehszlovákia	Чехословакия	8	Ч.С.Р.	Дольный-Кубин, Ч.С.Р.
Csehszlovákia	Чехословакия	8	Чехословкия	г. Брюн, Чехословкия
Csehszlovákia	Чехословакия	8	Чехсловакия	с. Юто, окр. Унк, Чехсловакия
Csehszlovákia	Чехословакия	7	Чехословаки	с. Удварт, обл. Нитра, Чехословаки
Csehszlovákia	Чехословакия	7	Чехословац.	с. Бейн, обл. Эстергам, Чехословац.
Csehszlovákia	Чехословакия	7	Ч-Словак.	Врутка, Ч-Словак.
Csehszlovákia	Чехословакия	7	Ч-словак.	г. Варин, Ч-словак.
Csehszlovákia	Чехословакия	7	Ч/Словакии	в Ч/Словакии
Csehszlovákia	Чехословакия	7	Ч/словакии	в Ч/словакии
Csehszlovákia	Чехословакия	7	Чехословаки	г. Сеиц, Чехословаки
Csehszlovákia	Чехословакия	7	Чехословац.	Чехословац. р-н, обл. Берегово, окр. Берегово, г. Берегово
Csehszlovákia	Чехословакия	7	Чехсл.	Слабинге, Чехсл.
Csehszlovákia	Чехословакия	6	Чехославак.	г. Кадееч, р-н Голондо, обл. Пожонь, Чехославак.
Csehszlovákia	Чехословакия	6	Чехославия	с. Нацег, р-н Воланто, обл. Пожон, Чехославия
Csehszlovákia	Чехословакия	6	Чехослования,	Чехослования, Березская обл., р-н Березский, д. Шаршарош, д. № 25
Csehszlovákia	Чехословакия	6	Ч/слов	Бисек, Ч/слов
Csehszlovákia	Чехословакия	6	Чехославак.	с. Базинь, окр. Кожон, Чехославак.
Csehszlovákia	Чехословакия	6	Чехославия	д. Юупандам, Чехославия
Csehszlovákia	Чехословакия	6	Чехослования,	Чехослования, Бистрица
Csehszlovákia	Чехословакия	6	Чехословокия	Бель, Чехословокия
Csehszlovákia	Чехословакия	5	Ч-словакия,	Ч-словакия, обл. Ушгород, р-н Керулет, с. Батары
Csehszlovákia	Чехословакия	5	ЧСР,	ЧСР, обл. Ноград, р-н Балагладьярмат, с. Жель
Csehszlovákia	Чехословакия	5	Чехослов-я	д. Баутраш, обл. Берег, Чехослов-я
Csehszlovákia	Чехословакия	5	Чехословакий	с. Вагуйхель, обл. Нитра, в. Чехословакий
Csehszlovákia	Чехословакия	5	Чехословацкая	г. Берегосаз, ул. Словок, 27, Чехословацкая
Csehszlovákia	Чехословакия	5	Ч-Словакия,	Ч-Словакия, Сентандраш
Csehszlovákia	Чехословакия	5	Ч-словакия,	Ч-словакия, обл. Унг, окр. В. Капушан, с. Поладь
Csehszlovákia	Чехословакия	5	Ч./слов.	Ч./слов.
Csehszlovákia	Чехословакия	5	ЧСР,	ЧСР, с. Стельжица
Csehszlovákia	Чехословакия	5	Чехо-Словак.	г. Базин, Чехо-Словак.
Csehszlovákia	Чехословакия	5	Чехослов-я	с. Секленце, уезд Марамуреш, Чехослов-я
Csehszlovákia	Чехословакия	5	Чехословакий	г. Будвайс, Чехословакий
Csehszlovákia	Чехословакия	4	Ч-сл.	с. Шимоньторня, р-н Шимоньторня, обл. Торно, Ч-сл.
Csehszlovákia	Чехословакия	4	Ч/сл	д. Пожонь Опорем, обл. Пожонь, Ч/сл
Csehszlovákia	Чехословакия	4	ЧСФ	Мезекасонь, обл. Берстово, ЧСФ
Csehszlovákia	Чехословакия	4	ЧХС	с. Шаланок, р-н Севлюш, ЧХС
Csehszlovákia	Чехословакия	4	Чехов.	д. Нодьбеган, обл. Берег, Чехов.
Csehszlovákia	Чехословакия	4	Чеховлов.	с. Боту, окр. Мункел, Чеховлов.
Csehszlovákia	Чехословакия	4	Чехоловакия	обл. Нитра, сл. Насвад, Чехоловакия
Csehszlovákia	Чехословакия	4	Чехосла.	обл. Пожонь, р-н Дюласердай, д. Чеченьпатомь, Чехосла.
Csehszlovákia	Чехословакия	4	Чехослов,	Чехослов, обл. Сепеш, Гольнищбаня
Csehszlovákia	Чехословакия	4	Чехословаки,	Чехословаки, р-н Гельниц, с. Нижний Медзев
Csehszlovákia	Чехословакия	4	Чехословатская	с. Чузь, обл. Антропож, Чехословатская
Csehszlovákia	Чехословакия	4	Чехословацкий	Чехословацкий р-н, Нитра, с. Шуок, ул. Новая, д. 450
Csehszlovákia	Чехословакия	4	Чехословацкой,	Чехословацкой, обл. Нитра, р-н Паркань, с. Кеменд
Csehszlovákia	Чехословакия	4	Ч-Сл.	г. Дунайска стреда, Ч-Сл.
Csehszlovákia	Чехословакия	4	Ч-сл-кия	г. Будафа, Ч-сл-кия
Csehszlovákia	Чехословакия	4	Ч/сл	д. Подбранг, Ч/сл
Csehszlovákia	Чехословакия	4	ЧСФ	Сринизия ЧСФ
Csehszlovákia	Чехословакия	4	ЧХС	г. Вори, р-н Берег, ЧХС
Csehszlovákia	Чехословакия	4	Чехов.	г. Сиреньфальва, Чехов.
Csehszlovákia	Чехословакия	4	Чеховлов.	г. Нивница, Чеховлов.
Csehszlovákia	Чехословакия	4	Чехоловакия	Игляу, Чехоловакия
Csehszlovákia	Чехословакия	4	Чехосла.	г. Бехинг, Чехосла.
Csehszlovákia	Чехословакия	4	Чехославакии	г. Знаси, Чехославакии
Csehszlovákia	Чехословакия	4	Чехослов,	Чехослов, г. Похсонь
Csehszlovákia	Чехословакия	4	Чехословаки,	Чехословаки, Анирахониц
Csehszlovákia	Чехословакия	4	Чехословацкий	г. Будвайс, Чехословацкий
Csehszlovákia	Чехословакия	4	Чехословацкой,	Чехословацкой, с. Бела
Csehszlovákia	Чехословакия	4	Чехслов.	д. Сэдеих, окр. Порконь, Чехслов.
Csehszlovákia	Чехословакия	3	ЧСР.	с. Шерке, обл. Гемер, ЧСР.
Csehszlovákia	Чехословакия	3	Чехо-слов.,	Чехо-слов., обл. Марошарош, окр. Раков, с. Окна-Слабыня, ул. Домы, 16
Csehszlovákia	Чехословакия	3	Чехо.	обл. Сатмарь, с. Сатмар, Чехо.
Csehszlovákia	Чехословакия	3	Чехословак,	Чехословак, Ужгородская обл., р-н Нодьконуш, д. Войкови, 49
Csehszlovákia	Чехословакия	3	Чехословакая,	Чехословакая, окр. Гонд, д. Гевмодярад
Csehszlovákia	Чехословакия	3	Чехословакия)	с. Вагдарокошд., окр. Комаром, Венгрия (бывш. Чехословакия)
Csehszlovákia	Чехословакия	3	Чехословакия.	Чехословакия. с. Буг, обл. Нитро
Csehszlovákia	Чехословакия	3	Чехословакя	с. Акчени, обл. Киркичерменц, Чехословакя
Csehszlovákia	Чехословакия	3	Чехословия	д. Горош Пельд, р-н Соб., Чехословия
Csehszlovákia	Чехословакия	3	Чехословк.	с. Форнош, окр. Берег, Чехословк.
Csehszlovákia	Чехословакия	3	Чехословкая	г. Шелмецбаня, обл. Гелей, Чехословкая
Csehszlovákia	Чехословакия	3	Чехосов.	с. Кикваркош, р-н Дукосердоген, обл. Комором, Чехосов.
Csehszlovákia	Чехословакия	3	Ч/лов.	Слобинск, Ч/лов.
Csehszlovákia	Чехословакия	3	ЧСР.	Швольднор, ЧСР.
Csehszlovákia	Чехословакия	3	Чехо-Слов.,	Чехо-Слов., д. Стара Любовна
Csehszlovákia	Чехословакия	3	Чехо-слов.,	Чехо-слов., с. Рудно
Csehszlovákia	Чехословакия	3	Чехо.	г. Перо, Чехо.
Csehszlovákia	Чехословакия	3	Чехол.	Унголоваш, р-н. Ужгородский Чехол.
Csehszlovákia	Чехословакия	3	Чехос.,	Чехос., обл. Угвар, с. Пурмет Эрм.
Csehszlovákia	Чехословакия	3	Чехословак	г. Штетин, Чехословак
Csehszlovákia	Чехословакия	3	Чехословак,	Чехословак, г. Братислава
Csehszlovákia	Чехословакия	3	Чехословакая,	Чехословакая, г. Мвичка
Csehszlovákia	Чехословакия	3	Чехословакией	Осушинуста, на границе с Чехословакией
Csehszlovákia	Чехословакия	3	Чехословакия)	с. Батно, Чехословакия (с. Божено, Чехословакия)
Csehszlovákia	Чехословакия	3	Чехословакия.	г. Брюн, Чехословакия.
Csehszlovákia	Чехословакия	3	Чехословакя	г. Табор, Чехословакя
Csehszlovákia	Чехословакия	3	Чехословия	с. Чок, Чехословия
Csehszlovákia	Чехословакия	3	Чехословк.	г. Бардобеш, Чехословк.
Csehszlovákia	Чехословакия	3	Чехословкая	г. Бруно, Чехословкая
Csehszlovákia	Чехословакия	3	Чехосов.	г. Кошице, Чехосов.
Csehszlovákia	Чехословакия	2	(Чехослов.)	с. Байта, обл. Комаром, Венгрия (Чехослов.)
Csehszlovákia	Чехословакия	2	Ч.С.Р.,	Ч.С.Р., с. Фарнад, обл. Пархан
Csehszlovákia	Чехословакия	2	Ч/ловакия	Ипайнадь Фалу, Ипой р-н, Гонская обл., Ч/ловакия
Csehszlovákia	Чехословакия	2	ЧСЛ	Гзерепай, ул. Арпад, № 72, обл. Берег, ЧСЛ
Csehszlovákia	Чехословакия	2	Чехоловакия,	Чехоловакия, окр. Комар, с. Барт, д. 178
Csehszlovákia	Чехословакия	2	Чехославская	Чехославская обл., Божань, г. Эрьшек-уйварош, ул. Нодьфельшер, 46
Csehszlovákia	Чехословакия	2	Чехослвакия	д. Ченка, Чехослвакия
Csehszlovákia	Чехословакия	2	Чехословаия,	Чехословаия, с. Форнаш Берегмеде
Csehszlovákia	Чехословакия	2	Чехословакская	Чехословакская респуб., окр. Бодрокюзи, обл. Земплин, с. Кирайгельмец
Csehszlovákia	Чехословакия	2	Чехословацкая,	Чехословацкая, д. Гурта, обл. Коморко
Csehszlovákia	Чехословакия	2	Чехословкия,	Чехословкия, обл. Брантолива, р-н Шморин, с. Эбельгард
Csehszlovákia	Чехословакия	2	Чехослолвакия	окр. Комаром, с. Удвард, Чехослолвакия
Csehszlovákia	Чехословакия	2	Чехсловакия,	Чехсловакия, уезд Ноград, с. Ногдороц
Csehszlovákia	Чехословакия	2	Ч./Сл.	г. Брюн, Ч./Сл.
Csehszlovákia	Чехословакия	2	Ч./сл.	Язнице, Ч./сл.
Csehszlovákia	Чехословакия	2	Ч.С.Р.,	Ч.С.Р., Фезии
Csehszlovákia	Чехословакия	2	Ч.Словакия	Моравка, Ч.Словакия
Csehszlovákia	Чехословакия	2	Ч.словакия	Ч.словакия
Csehszlovákia	Чехословакия	2	Ч/С	г. Грац, Ч/С
Csehszlovákia	Чехословакия	2	Ч/ловакия	с. Базин, обл. Пожонь, Ч/ловакия
Csehszlovákia	Чехословакия	2	Ч/с	Бисек, Ч/с
Csehszlovákia	Чехословакия	2	Ч/слав	Загай, Ч/слав
Csehszlovákia	Чехословакия	2	Ч/хословак.	в г. Базин, Ч/хословак.
Csehszlovákia	Чехословакия	2	ЧС	г. Фрайденмал, ЧС
Csehszlovákia	Чехословакия	2	Чехл.	Валерн, Чехл.
Csehszlovákia	Чехословакия	2	Чехо-Сл.	Лантау, Чехо-Сл.
Csehszlovákia	Чехословакия	2	Чехо-сл.	г. Стребичке, Чехо-сл.
Csehszlovákia	Чехословакия	2	Чехоловакия,	Чехоловакия, г. Шаторолеоутет
Csehszlovákia	Чехословакия	2	Чехосл[...]	Турзовка, Чехосл[...]
Csehszlovákia	Чехословакия	2	Чехославская	Чехославская обл., Пожонь, д. Бестерце
Csehszlovákia	Чехословакия	2	Чехослвакия	д. Мукачево, Чехослвакия
Csehszlovákia	Чехословакия	2	Чехослвакия,	Чехослвакия, с. Лизиде
Csehszlovákia	Чехословакия	2	Чехосло[...]	д. Деречко, Чехосло[...]
Csehszlovákia	Чехословакия	2	Чехослов-я,	Чехослов-я, с. Трестино, обл. Арво
Csehszlovákia	Чехословакия	2	Чехослова	г. Седлец, Чехослова
Csehszlovákia	Чехословакия	2	Чехословаия,	Чехословаия, Сбенешау
Csehszlovákia	Чехословакия	2	Чехословакаия	Римосуботица, Чехословакаия
Csehszlovákia	Чехословакия	2	Чехословакая	в р-не с. Цогай, обл. Ворш, Чехословакая
Csehszlovákia	Чехословакия	2	Чехословаки.	д. Менлукан, Чехословаки.
Csehszlovákia	Чехословакия	2	Чехословаки[...]	д. Гоейне, г. Дупайская, Чехословаки[...]
Csehszlovákia	Чехословакия	2	Чехослованя	интернирован, с. Тиссоуйлок, окр. Угоча, Чехослованя
Csehszlovákia	Чехословакия	2	Чехословкия,	Чехословкия, окр. Пожонь, д. Молоцки
Csehszlovákia	Чехословакия	2	Чехослолвакия	с. Подеграяско, обл. Унч, Чехослолвакия
Csehszlovákia	Чехословакия	2	Чехосоловакия,	Чехосоловакия, г. Пожонь
Csehszlovákia	Чехословакия	2	Чехсолов.	г. Барно, Чехсолов.
Csehszlovákia	Чехословакия	2	Чехсоловакия	д. Попонка, Чехсоловакия
Csehszlovákia	Чехословакия	1	(Чехосл.)	Венгрия, обл. Комаром, с. Гута (Чехосл.)
Csehszlovákia	Чехословакия	1	Венегрско-Чехослов.	Венегрско-Чехослов. республ., с. Рудно
Csehszlovákia	Чехословакия	1	Ч-славакия	с. Киш-Бейган, обл. Берег, Ч-славакия
Csehszlovákia	Чехословакия	1	Ч-слов	уезд Позони, с. Кишпоко, Ч-слов
Csehszlovákia	Чехословакия	1	Ч.-Словакия,	Ч.-Словакия, с. Велкелудинце, 448
Csehszlovákia	Чехословакия	1	Ч.С.Ф.	Надида, м. Кашишра, Ч.С.Ф.
Csehszlovákia	Чехословакия	1	Ч.Ср.	с. Нодь, р-н Галанта, обл. Понсокв. Ч.Ср.
Csehszlovákia	Чехословакия	1	Ч/Словак.,	Ч/Словак., губ. Комаром, д. Носвард, ул. Пошташор, 94
Csehszlovákia	Чехословакия	1	Ч\словакия	г. Бротислав, Ч\словакия
Csehszlovákia	Чехословакия	1	ЧСФ,	ЧСФ, обл. Бротислава, р-н Момора, с. Вамошватонто
Csehszlovákia	Чехословакия	1	Чехлсловакия,	Чехлсловакия, д. Барт
Csehszlovákia	Чехословакия	1	Чехо[...]	д. Олбарь, окр. Дунасердал, обл. Пожонь, Чехо[...]
Csehszlovákia	Чехословакия	1	Чеховловак.	г. Рожнева, ул. Дразуш, Чеховловак.
Csehszlovákia	Чехословакия	1	Чеховслов.	с. Варн, обл. Берег, Чеховслов.
Csehszlovákia	Чехословакия	1	Чехоловак.	г. Хуст, Хороцька, д. 4, Чехоловак.
Csehszlovákia	Чехословакия	1	Чехомловак.	с. Лепес, обл. Земплин, Чехомловак.
Csehszlovákia	Чехословакия	1	Чехос-я	д. Чонгор, Мукачевского р-на, Чехос-я
Csehszlovákia	Чехословакия	1	Чехослвак.	с. Фюлек-пилеш, р-н Новград, Чехослвак.
Csehszlovákia	Чехословакия	1	Чехослевия	с. Кицберен, Чехослевия
Csehszlovákia	Чехословакия	1	Чехослоакия	г. Кашица, ул. Золтан, № 15, Чехослоакия
Csehszlovákia	Чехословакия	1	Чехослов.)	с. Вагдфокошд, окр. Комаром, Венгрия (быв. Чехослов.)
Csehszlovákia	Чехословакия	1	Чехословак-я	р-н Лейва, д. Горлдамаш, Чехословак-я
Csehszlovákia	Чехословакия	1	Чехословакск.	Чехословакск. обл., Гемер, г. Эзормь
Csehszlovákia	Чехословакия	1	Чехословакский	с. Алиштал, обл. Комаром, Чехословакский
Csehszlovákia	Чехословакия	1	Чехословански	г. Фекаменек, пр. Пожень, Чехословански
Csehszlovákia	Чехословакия	1	Чехословатск.,	Чехословатск., уезд Нитра, г. Нитра
Csehszlovákia	Чехословакия	1	Чехословатское	г. Кашица, Чехословатское
Csehszlovákia	Чехословакия	1	Чехословатч	с. Итойшан, Гонт обл., Чехословатч
Csehszlovákia	Чехословакия	1	Чехословацк.,	Чехословацк., г. Мункачево
Csehszlovákia	Чехословакия	1	Чехословацкие,	Чехословацкие, с. Кушгун, р-н Мункачего, обл. Берег
Csehszlovákia	Чехословакия	1	Чехословацкого	с. Березейте, р-н Рожию, обл. Темер, Чехословацкого
Csehszlovákia	Чехословакия	1	Чехословацкое,	Чехословацкое, обл. Мараморош, окр. Рохов, Кереми мезы с.
Csehszlovákia	Чехословакия	1	Чехословачина	Фелши цице, р. Сепил, Чехословачина
Csehszlovákia	Чехословакия	1	Чехословвакия,	Чехословвакия, окр. Берегово, с. Нотьберг
Csehszlovákia	Чехословакия	1	Чехословец.	г. Братислава, Чехословец.
Csehszlovákia	Чехословакия	1	Чехословиц.	Венгрия, с. Бейна, обл. Новград, Чехословиц.
Csehszlovákia	Чехословакия	1	Чехословс.	сю Бенедыковды, обл. Береговцы, Чехословс.
Csehszlovákia	Чехословакия	1	Чехословск.	Чютертаг, обл. Браислава, Чехословск.
Csehszlovákia	Чехословакия	1	Чехословская,	Чехословская, Комарно Меби, д. КССК Фолева, № 173
Csehszlovákia	Чехословакия	1	Чехосова.	Пожонская обл., Голландский р-н, д. Эльно, Чехосова.
Csehszlovákia	Чехословакия	1	Чехслов.,	Чехслов., д. Деркен, обл. Мукатево, обл. Берен
Csehszlovákia	Чехословакия	1	Чехсловак.	г. Лошонц, р-н Лошонц, обл. Новград, Чехсловак.
Csehszlovákia	Чехословакия	1	"""Чехословак"""	"интернирован, г. Чап, ""Чехословак"""
Csehszlovákia	Чехословакия	1	"""Чехословакия"""	"г. Дин, ""Чехословакия"""
Csehszlovákia	Чехословакия	1	(Чехи)	Селчань (Чехи)
Csehszlovákia	Чехословакия	1	(Чехия)	Брно (Чехия)
Csehszlovákia	Чехословакия	1	(Чехоловакия)	с. Фекеть Ердёш, обл. Комаром, Венгрия (Чехоловакия)
Csehszlovákia	Чехословакия	1	Ч-Словкия	с. Холошов, Ч-Словкия
Csehszlovákia	Чехословакия	1	Ч-лов	г. Ллтурбе, Ч-лов
Csehszlovákia	Чехословакия	1	Ч-лов.	Кубовас, Ч-лов.
Csehszlovákia	Чехословакия	1	Ч-ловения	г. Понрад, Ч-ловения
Csehszlovákia	Чехословакия	1	Ч-слов.)	г. Унгвар (г. Ужгород, Ч-слов.)
Csehszlovákia	Чехословакия	1	Ч-я	г. Кенигрец, Ч-я
Csehszlovákia	Чехословакия	1	Ч.,	Ч., Братислава
Csehszlovákia	Чехословакия	1	Ч.-Слов.,	Ч.-Слов., г. Преспот
Csehszlovákia	Чехословакия	1	Ч.-Словак.	Туро, Ч.-Словак.
Csehszlovákia	Чехословакия	1	Ч.-словокия	Моравка, Ч.-словокия
Csehszlovákia	Чехословакия	1	Ч/ау	в р-не Туроц-Сент-Мартон, Ч/ау
Csehszlovákia	Чехословакия	1	Ч/лов	Стахи, Ч/лов
Csehszlovákia	Чехословакия	1	Ч/с.	Требонь, Ч/с.
Csehszlovákia	Чехословакия	1	Ч/славакия	с. Кейч, Ч/славакия
Csehszlovákia	Чехословакия	1	Ч/сло	Весеш, м. Ч/сло
Csehszlovákia	Чехословакия	1	Ч/слов,	Ч/слов, Берланди
Csehszlovákia	Чехословакия	1	Ч/х	г. Кошице, Ч/х
Csehszlovákia	Чехословакия	1	Ч/хословакия	в г. Будвайс, Ч/хословакия
Csehszlovákia	Чехословакия	1	Ч/я	Достк, Ч/я
Csehszlovákia	Чехословакия	1	Ч[...]	в 15 км от Ч[...]
Csehszlovákia	Чехословакия	1	ЧР	Крал Клутец, ЧР
Csehszlovákia	Чехословакия	1	ЧСЛ.	Турапи, ЧСЛ.
Csehszlovákia	Чехословакия	1	ЧСП	Миек, ЧСП
Csehszlovákia	Чехословакия	1	ЧССР.	г. Станислав, Станислав обл., ЧССР.
Csehszlovákia	Чехословакия	1	ЧСловакия	г. Долкобин, ЧСловакия
Csehszlovákia	Чехословакия	1	ЧУР	Катице, ЧУР
Csehszlovákia	Чехословакия	1	ЧЧР	Кошизе, ЧЧР
Csehszlovákia	Чехословакия	1	Чехия.	г. Писек, Чехия.
Csehszlovákia	Чехословакия	1	Чехия.,	Чехия., д. Кейреш
Csehszlovákia	Чехословакия	1	Чехлослов.	д. Бизны, г. Дунайская Стреза, Чехлослов.
Csehszlovákia	Чехословакия	1	Чехлословакия,	Чехлословакия, г. Братиилева
Csehszlovákia	Чехословакия	1	Чехо-Словакии	у г. Раец, в Чехо-Словакии
Csehszlovákia	Чехословакия	1	Чехо-Словени,	Чехо-Словени, Помвен
Csehszlovákia	Чехословакия	1	Чеховская,	Чеховская, г. Чаго
Csehszlovákia	Чехословакия	1	Чеховсловакия	Немецкий хлеб, Чеховсловакия
Csehszlovákia	Чехословакия	1	Чехолавакия	сл. Подчрадне, Чехолавакия
Csehszlovákia	Чехословакия	1	Чехолов	х. Чехолов
Csehszlovákia	Чехословакия	1	Чехолов.	с. Перечини, Чехолов.
Csehszlovákia	Чехословакия	1	Чехолсовакия,	Чехолсовакия, г. Бруно
Csehszlovákia	Чехословакия	1	Чехоовския,	Чехоовския, г. Криг
Csehszlovákia	Чехословакия	1	Чехос-кия	г. Брин, Чехос-кия
Csehszlovákia	Чехословакия	1	Чехос[...]	с. Изаг, Чехос[...]
Csehszlovákia	Чехословакия	1	Чехосавакий	г. Буздвайе, Чехосавакий
Csehszlovákia	Чехословакия	1	Чехосл	Бемишлейбо, Чехосл
Csehszlovákia	Чехословакия	1	Чехосл-кия	д. Боновица, Чехосл-кия
Csehszlovákia	Чехословакия	1	Чехосл.)	Венгр., с. Кичинд (Гором Кивеш, Чехосл.)
Csehszlovákia	Чехословакия	1	Чехослав	д. Торч, Чехослав
Csehszlovákia	Чехословакия	1	Чехослава.	г. Братислава, Чехослава.
Csehszlovákia	Чехословакия	1	Чехославака.	д. Яблоня, Чехославака.
Csehszlovákia	Чехословакия	1	Чехославакая,	Чехославакая, Шванцойуе
Csehszlovákia	Чехословакия	1	Чехославач	г. Ярошев, Чехославач
Csehszlovákia	Чехословакия	1	Чехославена	р-н Чехославена
Csehszlovákia	Чехословакия	1	Чехослия	г. Пожоньпишпеки, Чехослия
Csehszlovákia	Чехословакия	1	Чехосло-ия	г. Хуст, уезд Марянараш, Чехосло-ия
Csehszlovákia	Чехословакия	1	Чехосло.,	Чехосло., г. Братислав
Csehszlovákia	Чехословакия	1	Чехослоавкия,	Чехослоавкия, Жолна
Csehszlovákia	Чехословакия	1	Чехослоакия,	Чехослоакия, г. Братислава
Csehszlovákia	Чехословакия	1	Чехослов..	Чехослов.. г. Базиль, обл. Помонь
Csehszlovákia	Чехословакия	1	Чехослов[...]	г. Кошице, Чехослов[...]
Csehszlovákia	Чехословакия	1	Чехослова.,	Чехослова., с. Вител
Csehszlovákia	Чехословакия	1	Чехослова[...]	г. Бозин, с. Янко, Чехослова[...]
Csehszlovákia	Чехословакия	1	Чехословаеия	с. Лелес, г. Чоп, Чехословаеия
Csehszlovákia	Чехословакия	1	Чехословаия	Надьсомбат, Чехословаия
Csehszlovákia	Чехословакия	1	Чехословак..	Чехословак.. г. Пизек
Csehszlovákia	Чехословакия	1	Чехословак/	с. Штрецена, обл. Допшино, Чехословак/
Csehszlovákia	Чехословакия	1	Чехословаки.,	Чехословаки., Иназа
Csehszlovákia	Чехословакия	1	Чехословаки[...],	Чехословаки[...], г. Братислава
Csehszlovákia	Чехословакия	1	Чехословакиии	Левесмиколожи, в Чехословакиии
Csehszlovákia	Чехословакия	1	Чехословакий,	Чехословакий, д. Политчка
Csehszlovákia	Чехословакия	1	Чехословакию	в Чехословакию
Csehszlovákia	Чехословакия	1	Чехословаккия,	Чехословаккия, г. Колин
Csehszlovákia	Чехословакия	1	Чехословаския	д. Помова, г. Бранов, Чехословаския
Csehszlovákia	Чехословакия	1	Чехословасцкое	д. Нодь Мужот, р-н Берловский, Подкарп. Русь, Чехословасцкое
Csehszlovákia	Чехословакия	1	Чехословат.	Чехословат. граница
Csehszlovákia	Чехословакия	1	Чехословатский,	Чехословатский, д. Оисговс
Csehszlovákia	Чехословакия	1	Чехословахия	Сено, Чехословахия
Csehszlovákia	Чехословакия	1	Чехословац.,	Чехословац., г. Малацки
Csehszlovákia	Чехословакия	1	Чехословацк	Чехословакия, обл. Чехословацк
Csehszlovákia	Чехословакия	1	Чехословацк.	с. Кираль-Гельшиц, Чехословацк.
Csehszlovákia	Чехословакия	1	Чехословацкие	с. Довровка, Чехословацкие
Csehszlovákia	Чехословакия	1	Чехословачка	с. Кромйо, Чехословачка
Csehszlovákia	Чехословакия	1	Чехословачкой	г. Брецков, Чехословачкой
Csehszlovákia	Чехословакия	1	Чехослове.	г. Брык, Чехослове.
Csehszlovákia	Чехословакия	1	Чехословения	Батойшре, Чехословения
Csehszlovákia	Чехословакия	1	Чехословенско	с. Чича, Чехословенско
Csehszlovákia	Чехословакия	1	Чехословикия	г. Братиславу, Чехословикия
Csehszlovákia	Чехословакия	1	Чехословикия,	Чехословикия, г. Даниа
Csehszlovákia	Чехословакия	1	Чехословская	Чехословская обл.
Csehszlovákia	Чехословакия	1	Чехословю.,	Чехословю., г. Бехина
Csehszlovákia	Чехословакия	1	Чехословякия	г. Игло, Чехословякия
Csehszlovákia	Чехословакия	1	Чехослровакия,	Чехослровакия, г. Поломка
Csehszlovákia	Чехословакия	1	Чехосовакия	Чехосовакия
Csehszlovákia	Чехословакия	1	Чехосовакия,	Чехосовакия, г. Колин
Csehszlovákia	Чехословакия	1	Чехосования,	Чехосования, г. Прибронь
Csehszlovákia	Чехословакия	1	Чехосолвакия	Чехосолвакия
Csehszlovákia	Чехословакия	1	Чехоссловакия	г. Крацко, Чехоссловакия
Csehszlovákia	Чехословакия	1	Чехс.	г. Зогоуко, обл. Унгород, Чехс.
Csehszlovákia	Чехословакия	1	Чехсловокия	Чехсловокия
Csehszlovákia	Чехословакия	1	ЯСР	Кошице, ЯСР
Erdély	Трансильвания	8887	Трансильвания	Румыния, Трансильвания
Erdély	Трансильвания	8887	Трансильвания	д. Солард, Трансильвания
Erdély	Трансильвания	960	Трансильвания,	Трансильвания, р-н Сатумары, с. Санислав
Erdély	Трансильвания	960	Трансильвания,	Трансильвания, с. Поштелек, г. Чиксереда, обл. Чик
Erdély	Трансильвания	793	Трансильв.	д. Сейнмегай, обл. Одорга, Трансильв.
Erdély	Трансильвания	793	Трансильв.	с. Торно, Трансильв.
Erdély	Трансильвания	293	Трансильван.	обл. Колошвар, с. Модярлона, Трансильван.
Erdély	Трансильвания	293	Трансильван.	г. Морышевиз, Трансильван.
Erdély	Трансильвания	220	Транс.	д. Сентеш-Хазош, Фольво р-н, Удворгей, Транс.
Erdély	Трансильвания	220	Транс.	с. Кишсасетка, Транс.
Erdély	Трансильвания	111	Трансиль.	др. Дердеодитров, р-н Чикмеде, Трансиль.
Erdély	Трансильвания	111	Трансиль.	с. Рошошня, уезд Муреш, Трансиль.
Erdély	Трансильвания	90	Трансил.	с. Загон, р-н Гаромсейк, обл. Гаромсейк, Трансил.
Erdély	Трансильвания	90	Трансил.	д. Ивенкур, обл. Морошту, Трансил.
Erdély	Трансильвания	89	Трансельвания	с. Нодьойто, р-н Боровто, обл. Гаромсейк, Трансельвания
Erdély	Трансильвания	89	Трансельвания	г. Коложвар, Трансельвания
Erdély	Трансильвания	40	Трансильвании	г. Уюара, уезд Алба Юлия в Трансильвании
Erdély	Трансильвания	40	Трансильвании	в Трансильвании
Erdély	Трансильвания	35	Трансельв.	с. Нодьойтун, р-н Миклушвар, обл. Горомсейк, Трансельв.
Erdély	Трансильвания	35	Трансельв.	с. Кейтетьхозо, около г. Трансельв.
Erdély	Трансильвания	33	Трансилвания	с. Нярадирда, обл. Торда, Трансилвания
Erdély	Трансильвания	33	Трансилвания	д. Солард, г. Быстунин, Трансилвания
Erdély	Трансильвания	32	Трансильван.,	Трансильван., обл. Тардо, с. Баден
Erdély	Трансильвания	32	Трансильван.,	Трансильван., Дердюсентмиклюш, около г. Чик
Erdély	Трансильвания	12	Трансильв.,	Трансильв., г. Деж., ул. Деалол-Вигор, 25
Erdély	Трансильвания	12	Трансильва.	с. Никомалонфольва, Сийкей губ., Сейкей д., Барчей р-н, Трансильва.
Erdély	Трансильвания	12	Трансильв.,	Трансильв., обл. Морошторда, д. Ратошия
Erdély	Трансильвания	12	Трансильва.	под г. Турда, Трансильва.
Erdély	Трансильвания	11	Трансель.	с. Бетлен, р-н Дыже, обл. Сольногдобоко, Трансель.
Erdély	Трансильвания	11	Трансильваня	г. Коложвар, ул. Кожуб Лаюш, д. № 10, Трансильваня
Erdély	Трансильвания	11	Трасильвания	г. Сикейудвиргей, обл. Удваргей, пр. Трасильвания
Erdély	Трансильвания	11	Трансель.	д. Регансеск., Трансель.
Erdély	Трансильвания	11	Трасильвания	г. Чуга, Трасильвания
Erdély	Трансильвания	10	Тронсильвания	д. Антхорутшак, обл. Моршторда, Тронсильвания
Erdély	Трансильвания	10	Тронсильвания	д. Ойтуз, обл. Трисляцы, Тронсильвания
Erdély	Трансильвания	9	Трансельван.	с. Миклошвари, р-н Яшк., обл. Харумсек, Трансельван.
Erdély	Трансильвания	9	Трансилв.	д. Сентиван, губ. Лоборфволво, Трансилв.
Erdély	Трансильвания	9	Трансилван.	с. Долатгауз, р-н Бейкиш, обл. Чокад, Трансилван.
Erdély	Трансильвания	9	Трансильва	д. Оутуеме, р-н Трискацны, д. кр. 87, Трансильва
Erdély	Трансильвания	9	Трансельван.	Трансельван.
Erdély	Трансильвания	9	Трансилв.	г. Саеричен, Трансилв.
Erdély	Трансильвания	9	Трансилван.	д. Роппушнч, Трансилван.
Erdély	Трансильвания	7	Трансельвания,	Трансельвания, Дитроб
Erdély	Трансильвания	7	Трансельвания,	Трансельвания, д. Дердьотёлдеш, р-н Чик
Erdély	Трансильвания	5	Тронсилвония	Кепмер, Тронсилвония
Erdély	Трансильвания	5	Тронсилвония	г. Чиксенвиз, Тронсилвония
Erdély	Трансильвания	4	Трансильвани	с. Цебиа, р-н Гуледора, обл. Трансильвани
Erdély	Трансильвания	4	Транцельвания	г. Каканвах, ул. Ладог, д. 39, Транцельвания
Erdély	Трансильвания	4	Трансильвани	д. Сейпвиз, обл. Чик, Трансильвани
Erdély	Трансильвания	4	Транцельвания	Коложвар, Транцельвания
Erdély	Трансильвания	3	Транси.	Надь Король обл. Гатмар гевер, Транси.
Erdély	Трансильвания	3	Трансивальния	с. Народ Сентрулин, Трансивальния
Erdély	Трансильвания	3	Трансильв.)	с. Турького, р-н Муреш, обл. Ригениальшо, Венгрия (с. Тоерген-Сент-Имре, р-н Марошторда, Трансильв.)
Erdély	Трансильвания	3	Трансильван	Трансильван обл., Хороежег, с. Зочен
Erdély	Трансильвания	3	Транси.	под г. Сафриген, Транси.
Erdély	Трансильвания	3	Трансивальния	д. Ротошка, обл. Муреш, Трансивальния
Erdély	Трансильвания	3	Трансильван	д. Секвец, р-н Чик, Трансильван
Erdély	Трансильвания	3	Румыния-Трансильвания,	Румыния-Трансильвания, уезд Чук, с. Дердюремете
Erdély	Трансильвания	2	Транселов.	с. Шоможт, р-н Марошольшо, обл. Марошторда, Транселов.
Erdély	Трансильвания	2	Трансил.,	Трансил., обл. Цикель, Цувархей д., Добо
Erdély	Трансильвания	2	Трансилвания,	Трансилвания, Беларшеде, с. Рошнар, Румыния
Erdély	Трансильвания	2	Трансилования	г. Клуж, ул. Мержиляса, д. № 3, Трансилования
Erdély	Трансильвания	2	Трансильванская	д. Бетденен сентлихлоц, р-н Кишкюкюш, обл. Трансильванская
Erdély	Трансильвания	2	Трансинвания	д. Чиксензмигай, губ. Чик, Трансинвания
Erdély	Трансильвания	2	Трасильв.	с. Сфынту-Павел, уезд Одорхей, Трасильв.
Erdély	Трансильвания	2	Тренсильв.	г. Деордиень, уезд Чук, Тренсильв.
Erdély	Трансильвания	2	Тронсельвания	с. Асоль, Вашер Бшерский окр., Тронсельвания
Erdély	Трансильвания	2	Тронсилвания	д. Хердбоалфалу, обл. Чик, Тронсилвания
Erdély	Трансильвания	2	Тронсильв.	д. Брезден, р-н Удворгетнеде, Тронсильв.
Erdély	Трансильвания	2	Тронсильвония	д. Нодькерски, р-н Бихор, ул. Дюбёчё, д. № 401, Тронсильвония
Erdély	Трансильвания	2	Транселван.	д. Оденшелонзошон, Чик, Транселван.
Erdély	Трансильвания	2	Транселов.	г. Авошуйварот, Транселов.
Erdély	Трансильвания	2	Трансельвании	г. Коньгиен, в Трансельвании
Erdély	Трансильвания	2	Трансилования	с. Кирологоч, Трансилования
Erdély	Трансильвания	2	Трасильв.	с. Куральгаго, Трасильв.
Erdély	Трансильвания	2	Тронсельвания	с. Ротушня, Тронсельвания
Erdély	Трансильвания	2	Тронсилвания	с. Дбимеш, г. Чиксереда, обл. Чик, Тронсилвания
Erdély	Трансильвания	2	Тронсильв.	д. Дорноветра, Тронсильв.
Erdély	Трансильвания	1	Транс.,	Транс., уезд Силать, с. Эрцсенкирай, р-н Салан
Erdély	Трансильвания	1	Трансел.	с. Кишне, р-н Сазрыгин, обл. Марушторда, Трансел.
Erdély	Трансильвания	1	Транселвания	с. Дерес-Ремсте, р-н Чик, Транселвания
Erdély	Трансильвания	1	Трансель	с. Шомушт, р-н Мороши, обл. Мороштордо, Трансель
Erdély	Трансильвания	1	Трансельвиния	г. Нодьвород, ул. Корошвар, д. 97, обл. Бигор, Трансельвиния
Erdély	Трансильвания	1	Трансельвн.	с. Коянту, р-н Колижвар, обл. Колошвар, Трансельвн.
Erdély	Трансильвания	1	Трансенеао	с. Мурени, уезд Терова-Мари, Трансенеао
Erdély	Трансильвания	1	Трансенльвания	г. Солташ уйвар, обл. Солнок-Дабона, Трансенльвания
Erdély	Трансильвания	1	Трансеньвания	д. Секейдерек, окр. Удоргей, Трансеньвания
Erdély	Трансильвания	1	Транси[...]	с. Маруш Фельвало, р-н Безрычин, обл. Марипотольда, Транси[...]
Erdély	Трансильвания	1	Трансилавия	Сиробрад, р-н Бахер, обл. Трансилавия
Erdély	Трансильвания	1	Трансилв.,	Трансилв., с. Кимандорун, обл. Сокман, р-н Эрдут
Erdély	Трансильвания	1	Трансиливания	д. Ундара, уезд Альба, обл. Трансиливания
Erdély	Трансильвания	1	Трансилия	г. Медиаш, уезд Тырнова-Мари, губ. Трансилия
Erdély	Трансильвания	1	Трансиловаки	д. Мадяр-герман, Миклушвардо р-н, Харомсык обл., В. Трансиловаки
Erdély	Трансильвания	1	Трансиль.,	Трансиль., с. Торьо, обл. Хоромек
Erdély	Трансильвания	1	Трансильвавания	с. Герготекерепашок, обл. Чик, Трансильвавания
Erdély	Трансильвания	1	Трансильваия,	Трансильваия, обл. Сатумаре, р-н Кареймаре, д. Мазойфейн
Erdély	Трансильвания	1	Трансильвания)	с. Шарвашар, обл. Колош, Венгрия (теперь Трансильвания)
Erdély	Трансильвания	1	Трансильвания-Румыния	с. Ип, р-н Силадь, Трансильвания-Румыния
Erdély	Трансильвания	1	Трансильвань	с. Шармошок, обл. Силоть, Трансильвань
Erdély	Трансильвания	1	Трансильвия,	Трансильвия, Бейфелвеч, р-н Удворгей
Erdély	Трансильвания	1	Трансильво.	Кирайдороц, Венгрия, Трансильво.
Erdély	Трансильвания	1	Трансильвония,	Трансильвония, с. Мезомегеш, обл. Муреш
Erdély	Трансильвания	1	Трансильвоня	г. Надь саланта, ул. Хусар, № 11, Трансильвоня
Erdély	Трансильвания	1	Трансильвш.	обл. Морошборда, с. Говате, Трансильвш.
Erdély	Трансильвания	1	Трансинвалия	обл. Удворгей, р-н Окланд, с. Гомориссентпартон, Трансинвалия
Erdély	Трансильвания	1	Трансирв.,	Трансирв., обл. Харомсек, с. Забуло, ул. Альсек, № 502
Erdély	Трансильвания	1	Трансияль	Миколо, Трансияль
Erdély	Трансильвания	1	Транск.	с. Орбонтелек, р-н Орбон, обл. Гаромсейн, Транск.
Erdély	Трансильвания	1	Транскиватия	Венгрия, с. Ломген, окр. Трейскауне, Транскиватия
Erdély	Трансильвания	1	Трансольв.	с. Дютмешбике, г. Чиксереда, ул. Больвачишпосте, № 216, Трансольв.
Erdély	Трансильвания	1	Транссилвания	г. Силадьпадьфалу, пр. Силадь, Транссилвания
Erdély	Трансильвания	1	Транфрилвания,	Транфрилвания, г. Секейгид
Erdély	Трансильвания	1	Транц.	Сатумара, Транц.
Erdély	Трансильвания	1	Транцельв.	Мерошяро, г. Морошвамергаль, Транцельв.
Erdély	Трансильвания	1	Транчсильвания	с. Лговита, г. Удворчей, обл. Удворчей, Транчсильвания
Erdély	Трансильвания	1	Трасельв.	обл. Шаркезуйлак, р-н Сатмар, Румыния, Трасельв.
Erdély	Трансильвания	1	Трасельвания	д. Телиу, уезд Брашов, Трасельвания
Erdély	Трансильвания	1	Трасельвания,	Трасельвания, г. Орад
Erdély	Трансильвания	1	Трасилвания	г. Марошвашараей, пр. Морош-Торза, Трасилвания
Erdély	Трансильвания	1	Трасильван.	Нодь-варат обл., Трасильван.
Erdély	Трансильвания	1	Трасильвания,	Трасильвания, обл. Сатумаре, р-н Карей, с. Калманд, № 238
Erdély	Трансильвания	1	Траснильвания	с. Бацкотодорош, р-н Торош-Торда, Траснильвания
Erdély	Трансильвания	1	Тринсельвания	д. Геориалфолу, Чик обл., Тринсельвания
Erdély	Трансильвания	1	Тринсельвания,	Тринсельвания, обл. Сатумыре, р-н Карей, д. Чомокез
Erdély	Трансильвания	1	Тринсильван.	с. Тоти, р-н Бигор, ул. Фе, № 20, Тринсильван.
Erdély	Трансильвания	1	Тринцильвания,	Тринцильвания, с. Сенкотсию, обл. Харомсен
Erdély	Трансильвания	1	Тромсильвация	г. Тромсильвация
Erdély	Трансильвания	1	Тронзилвены	д. Черницсени, р-н Морошонрдике, Тронзилвены
Erdély	Трансильвания	1	Тронимования	д. Татранг, Тронимования
Erdély	Трансильвания	1	Тронселван.	с. Гомойнашвалу, г. Секвудворгй, обл. Удворгет, Тронселван.
Erdély	Трансильвания	1	Тронсельв.	с. Дердеолфоло, р-н Чик, обл. Чик, Тронсельв.
Erdély	Трансильвания	1	Тронсельван.	д. Одельшегерной, р-н Хорошсик, д. 321, Тронсельван.
Erdély	Трансильвания	1	Тронсенования	с. Машоркойзулак, г. Сатопор, Тронсенования
Erdély	Трансильвания	1	Тронсеньвония	с. Дюшадь, ул. Фогоцу, д. 365, Зор. Зыло, Тронсеньвония
Erdély	Трансильвания	1	Тронсильвание	с. Эрдут, р-н Соктумори, Тронсильвание
Erdély	Трансильвания	1	Тронсильвании	с. Сейгихид, Бихарский р-н, Тронсильвании
Erdély	Трансильвания	1	Тронсильвия	с. Федотоль Гарушсент, медя Тронсильвия
Erdély	Трансильвания	1	Тронсильвония,	Тронсильвония, р-н Клюшу, окр. Клюшу, д. Кара
Erdély	Трансильвания	1	Транс-льн	близь г. Торда, Транс-льн
Erdély	Трансильвания	1	Трансвал.	Трансвал.
Erdély	Трансильвания	1	Трансвильвания	с. Дердюоротва, обл. Чик, Трансвильвания
Erdély	Трансильвания	1	Транселвамая	г. Морош-Хетвих, Транселвамая
Erdély	Трансильвания	1	Трансельник	Трансельник
Erdély	Трансильвания	1	Трансельнок	с. Идечнотак, Трансельнок
Erdély	Трансильвания	1	Трансилвалия	уезд Клупе, Трансилвалия
Erdély	Трансильвания	1	Трансиль-я	г. Торда, Трансиль-я
Erdély	Трансильвания	1	Трансильвани.	с. Дялу, обл. Колош, Трансильвани.
Erdély	Трансильвания	1	Трансильваний	г. Сасреген, в Трансильваний
Erdély	Трансильвания	1	Трансильвания.	г. Марум-Хейвик, Трансильвания.
Erdély	Трансильвания	1	Трансильвано,	Трансильвано, г. Бесторци
Erdély	Трансильвания	1	Трансильвария	г. Морошевич, Трансильвария
Erdély	Трансильвания	1	Трансильвиния	Сосреченкой, обл. Морош, Трансильвиния
Erdély	Трансильвания	1	Трансильвия	с. Фагод, обл. Калож, Трансильвия
Erdély	Трансильвания	1	Трансильвн.	с. Сасрегень, Трансильвн.
Erdély	Трансильвания	1	Трансильвонии	обл. Морамурет, г. Моромуреш, в Трансильвонии
Erdély	Трансильвания	1	Трансильвония	Сату-Маре, Трансильвония
Erdély	Трансильвания	1	Трансливалия	вблизи Клуж, Трансливалия
Erdély	Трансильвания	1	Трансль.	с. Пусточали, г. Тордо, Трансль.
Erdély	Трансильвания	1	Транссильвония	г. Клуш, Транссильвония
Erdély	Трансильвания	1	Транумандфар	г. Транумандфар
Erdély	Трансильвания	1	Траньсильвания	Ключи, Траньсильвания
Erdély	Трансильвания	1	Тратильвиния	с. Деда, Тратильвиния
Erdély	Трансильвания	1	Тренсельван.	с. Моран-Тордо, Тренсельван.
Erdély	Трансильвания	1	Тренсельвания	с. Капанаш, Тренсельвания
Erdély	Трансильвания	1	Тренсильвания	д. Курлгедеш, Тренсильвания
Erdély	Трансильвания	1	Тринсильв.	г. Коножвар, Тринсильв.
Erdély	Трансильвания	1	Тринсильвании	г. Нотьбано, в Тринсильвании
Erdély	Трансильвания	1	Тринсильвания	под г. Арад, Тринсильвания
Erdély	Трансильвания	1	Тронольвания	г. Сасрыгин, Тронольвания
Erdély	Трансильвания	1	Тронселвань	Ходош, р-н Дердю, обл. Гик, Тронселвань
Erdély	Трансильвания	1	Тронсельвонио	г. Коложвор, Тронсельвонио
Erdély	Трансильвания	1	Тронсельвоноя	г. Бонфигунот, Тронсельвоноя
Erdély	Трансильвания	1	Тронсивиня	д. Кенвор, обл. [...]ромик, Тронсивиня
Erdély	Трансильвания	1	Тронсилвоние	Дбимешфелшёлок, обл. Чик, Тронсилвоние
Erdély	Трансильвания	1	Тронсильволесия	Тронсильволесия
Erdély	Трансильвания	1	Венгерское-Трансильвания,	Венгерское-Трансильвания, с. Морошвашаргей
Erdély	Трансильвания	1	Венгрия-Трансил.	с. Бач., обл. Седольудиарчель, Венгрия-Трансил.
Erdély	Трансильвания	1	Румыния-Трансильван.,	Румыния-Трансильван., с. Дердетемофольва
Erdély	Трансильвания	1	Румыния-Трансильвания	Кийздыолмош, Румыния-Трансильвания
Franciaország	Франция	20	Франция	г. Париж, Франция
Franciaország	Франция	5	Франция,	Франция, г. Тулус
Horvátország	Хорватия	21	Хорватия	с. Дреновца, обл. Сяренк, Хорватия
Horvátország	Хорватия	21	Хорватия	Муросхоз, Хорватия
Horvátország	Хорватия	7	Хорватия,	Хорватия, г. Беловар, с. Жабия
Horvátország	Хорватия	7	Хорватия,	Хорватия, Кот
internált	интернирован	34425	интернирован	интернирован
internált	интернирован	34425	интернирован	интернирован
internált	интернирован	6838	интернирован,	интернирован, Венгрия, Будапешт, Уоглетберцель, д. 155, ул. Годи
internált	интернирован	6838	интернирован,	интернирован, д. Пештидекут, Венгрия
internált	интернирован	17	интренирован	интренирован
internált	интернирован	15	интернирована	интернирована
internált	интернирован	7	интренирован,	интренирован, обл. Земплин, с. Кештеркош
internált	интернирован	4	интенирован	интенирован
internált	интернирован	4	интернирования	интернирования
internált	интернирован	3	интенирован,	интенирован, с. Чоп, Чехословакия
internált	интернирован	3	интернирована,	интернирована, Венгрия, Бейкеш Меде, г. Мезуйберень, ул. Туруль, 42
internált	интернирован	2	интервирован	интервирован
internált	интернирован	2	интервирован,	интервирован, р-н Олли
internált	интернирован	2	интеринирован,	интеринирован, Венгрия, с. Мезетерем, окр. Сатмар
internált	интернирован	2	интернирван	интернирван
internált	интернирован	2	интернирование	интернирование
internált	интернирован	1	интеринрован,	интеринрован, г. Шайониран, обл. Гемер, р-н Торнос
internált	интернирован	1	интергинован,	интергинован, Венгрия, с. Гамор
internált	интернирован	1	интерниован	интерниован
internált	интернирован	1	интерниорван	интерниорван
internált	интернирован	1	интернирова,	интернирова, с. Гонб, губ. Земпле, Венгрия
internált	интернирован	1	интернированинтернирован	интернированинтернирован
internált	интернирован	1	интернированный	интернированный
internált	интернирован	1	интернированс,	интернированс, Гетен, обл. Брег, Венгрия
internált	интернирован	1	интерниторан	интерниторан
internált	интернирован	1	интернорован,	интернорован, Унгвард Ужгород
internált	интернирован	1	интетрнирован,	интетрнирован, г. Будапешт
internált	интернирован	1	нтернирован	нтернирован
internált	интернирован	1	нтернирован,	нтернирован, с. Берег-Созь, Чехослов.
Jugoszlávia	Югославия	3273	Югославия	д. Хоргош, обл. Бач, Югославия
Jugoszlávia	Югославия	3273	Югославия	Югославия
Jugoszlávia	Югославия	1199	Югославия,	Югославия, г. Соботко
Jugoszlávia	Югославия	1199	Югославия,	Югославия, г. Бревно
Jugoszlávia	Югославия	137	Югослав.	с. Вочеловица, р-н Панчева, Югослав.
Jugoszlávia	Югославия	137	Югослав.	г. Белград, Югослав.
Jugoszlávia	Югославия	76	Югосл.	с. Мурска-Субота, р-н Вишледа, обл. Мурска-Субота, Югосл.
Jugoszlávia	Югославия	76	Югосл.	д. Керинь, обл. Бачко, Югосл.
Jugoszlávia	Югославия	16	Югослав.,	Югослав., окр. Бочбодроч, д. Сомбар
Jugoszlávia	Югославия	12	Югославии	с. Мортолош, р-н Зенти, обл. Югославии
Jugoszlávia	Югославия	12	Югославии	арестован в Югославии
Jugoszlávia	Югославия	7	Югосл.,	Югосл., р-н Дюла, окр. Бейтищ
Jugoszlávia	Югославия	7	Югословия	г. Зента, ул. Молом, 22, обл. Тачбодрок, Югословия
Jugoszlávia	Югославия	7	Югословия	Белград, Югословия
Jugoszlávia	Югославия	6	Ю-Славия	д. Оросламош, Ю-Славия
Jugoszlávia	Югославия	6	Ю-славия	д. Башыфельдварт, Ю-славия
Jugoszlávia	Югославия	6	Ю-славия	г. Брезт, Ю-славия
Jugoszlávia	Югославия	5	Югославич	с. Бачорельдва, губ. Бач, р-н Убече, Югославич
Jugoszlávia	Югославия	4	(Югославия)	Сабазка, Венгрия (Югославия)
Jugoszlávia	Югославия	4	Югос.	г. Суботица, Югос.
Jugoszlávia	Югославия	4	Югослов.	д. Старо-Маравиц, обл. Бачка, Югослов.
Jugoszlávia	Югославия	4	Югос.	г. Сентомаш, под г. Нов-сад, Югос.
Jugoszlávia	Югославия	4	Югослов.	д. Гонцы, обл. Берговек, Югослов.
Jugoszlávia	Югославия	3	Юго-Славия	с. Керень, уезд Замбор, Юго-Славия
Jugoszlávia	Югославия	3	Югославич,	Югославич, Дони-Миголяц
Jugoszlávia	Югославия	2	Ю.-Славия	д. Чантове, Ю.-Славия
Jugoszlávia	Югославия	2	Югославия)	Хорчош обл., Чонград, Венгрия (теперь Югославия)
Jugoszlávia	Югославия	2	Югославской,	Югославской, обл. Дуновско, с. Темфин
Jugoszlávia	Югославия	2	Югословия,	Югословия, с. Старокамжа, обл. Бачка, ул. Марш, 4
Jugoszlávia	Югославия	2	Югаслав.	ст. Баг. Бодрон, Югаслав.
Jugoszlávia	Югославия	1	Венгрия-Югославия	с. Оново, Венгрия-Югославия
Jugoszlávia	Югославия	1	Венгрия-Югославия,	Венгрия-Югославия, г. Багбодруп
Jugoszlávia	Югославия	1	Ю-Словак.	д. Сент-Томаш, Ю-Словак.
Jugoszlávia	Югославия	1	Ю-слав.	с. Баймок, р-н Сотбор, Ю-слав.
Jugoszlávia	Югославия	1	Ю/Славия	с. Темери, р-н Цивиден, обл. Баг-Бодрог, Ю/Славия
Jugoszlávia	Югославия	1	Югаславия	Липовец, Югаславия
Jugoszlávia	Югославия	1	Югос-ия	уезд Вороне, д. Устбездо, Югос-ия
Jugoszlávia	Югославия	1	Югос[...]	с. Чока, Оканиже окр., Югос[...]
Jugoszlávia	Югославия	1	Югославалный	г. Сободка, Бач-Бодрог губ., Югославалный
Jugoszlávia	Югославия	1	Югославе.	Вольспово, обл. Словони, Югославе.
Jugoszlávia	Югославия	1	Югославец,	Югославец, Бачбодроквар, д. Петер, ул. Петефи, № 61
Jugoszlávia	Югославия	1	Югослави.	г. Бачко Петровосело, обл. Войварина, Югослави.
Jugoszlávia	Югославия	1	Югославии,	Югославии, обл. Зола, с. Ленвовашоргель
Jugoszlávia	Югославия	1	Югославил	Югославил обл., Бороня, р-н Дердо, д. Чузо
Jugoszlávia	Югославия	1	Югославия.	Югославия. окр. Муросомвет, с. Фельшичелогон
Jugoszlávia	Югославия	1	Югославкя	Югославкя обл., Новый Сад, с. Будасово
Jugoszlávia	Югославия	1	Югославл.	г. Загреб Паоуодь Елдшич, № 3, Югославл.
Jugoszlávia	Югославия	1	Югославск.	Югославск. обл., г. Соботко
Jugoszlávia	Югославия	1	Югославская	Югославская обл., Бачь бодрон, м. Сербоград
Jugoszlávia	Югославия	1	Югославская,	Югославская, обл. Багбодрог, м. Сырубубром
Jugoszlávia	Югославия	1	Югославское	д. Баач, р-н Баачбодтов, Югославское
Jugoszlávia	Югославия	1	Югослаия,	Югослаия, обл. Бачко, г. Сабодко
Jugoszlávia	Югославия	1	Югослваия,	Югослваия, обл. Торонтал., с. Тисац
Jugoszlávia	Югославия	1	Югослвия	Бачбодрог, с. Сетомаш, Югослвия
Jugoszlávia	Югославия	1	Югослвия,	Югослвия, Дунавская баковино, с. Эммир, 128
Jugoszlávia	Югославия	1	Югосли	с. Багпюпойа Бачбодро, обл. Югосли
Jugoszlávia	Югославия	1	Югослов.,	Югослов., обл. Бачко, с. Топое, ул. Сентиштван, № 42
Jugoszlávia	Югославия	1	Югослова.	обл. Бачко, р-н Сента, с. Секта, Югослова.
Jugoszlávia	Югославия	1	Югословаки	д. Бороу, окр. Потего, Югословаки
Jugoszlávia	Югославия	1	Югословакия	д. Сентласло, обл. Хорватская, Югословакия
Jugoszlávia	Югославия	1	Югос.,	Югос., Поморому
Jugoszlávia	Югославия	1	Югослав/Венгрии	в Югослав/Венгрии
Jugoszlávia	Югославия	1	Югослак.	обл. Земплен, р-н Надьберезно, с. Югослак.
Krími_Autonóm_SZSZK	АССР	28	АССР	г. Севастополь, Крымской АССР
Lengyelország	Польша	2	Поланд	Поланд
Lengyelország	Польша	2	Полония	д. Чернослав 35 км, Полония
Lettország	Латвия	22	Латвия	Курланд, Латвия
Lettország	Латвия	22	Латвия	Латвия
Lettország	Латвия	2	Латв.	Латв. ССР, уезд Либава, с. Иедзен
Lettország	Латвия	1	Латвийская	Латвийская ССР, Сальдус
Lettország	Латвия	1	Латвия,	Латвия, обл. Зола, Венгрия
Litván_SZSZK	Литва	1	Литв.	г. Ковно, Литв.
Magyarország	Венгрия	1	Вегрия	...
Magyarország	Венгрия	1	Внгрия	...
Magyarország	Венгрия	248494	Венгрия	с. Фот, у-д Пешт, Венгрия
Magyarország	Венгрия	248494	венгрия	д. Ярачей, р-н Марошторта, венгрия
Magyarország	Венгрия	248494	Венгрия	обл. Пожонь, Венгрия
Magyarország	Венгрия	248494	венгрия	с. Чонбень, венгрия
Magyarország	Венгрия	105264	Венгрия,	Венгрия, обл. Пешт, д. Вечешь
Magyarország	Венгрия	105264	венгрия,	венгрия, г. Язберин, обл. Соечлог
Magyarország	Венгрия	105264	Венгрия,	Венгрия, с. Вельдлис, обл. Ваш
Magyarország	Венгрия	105264	венгрия,	венгрия, д. Нярогбед
Magyarország	Венгрия	7532	Венгр.	Пег-Бороня, Венгр.
Magyarország	Венгрия	7532	Венгр.	в. г. Собоцко, Венгр.
Magyarország	Венгрия	2375	Венгр.,	Венгр., обл. Чеперенгекел, д. Тепел, д. 75
Magyarország	Венгрия	2375	Венгр.,	Венгр., с. Сечисентласло
Magyarország	Венгрия	1368	Венгрии	с. Шур, р-н Венгрии
Magyarország	Венгрия	1368	Венгрии	в Венгрии
Magyarország	Венгрия	1009	Венг.	г. Сентеш, обл. Ганград, ул. Ракоши, 17, Венг.
Magyarország	Венгрия	1009	Венг.	г. Кечкелит, Венг.
Magyarország	Венгрия	266	Вен.	с. Хенцидо, р-н Беретюуйфолу, обл. Бигор, Вен.
Magyarország	Венгрия	266	вен.	с. Херте Керегет, у. Кортод вен.
Magyarország	Венгрия	266	Вен.	Сентготхорд, Вен.
Magyarország	Венгрия	154	Венг.,	Венг., г. Вац, ул. Главная Будапештская, № 36
Magyarország	Венгрия	154	Венг.,	Венг., г. Ходьшхолом
Magyarország	Венгрия	140	Венгер.	с. Узанан виш, обл. Гемер, Венгер.
Magyarország	Венгрия	140	Венгер.	с. Рев-Леаньвар, Венгер.
Magyarország	Венгрия	119	Венгерское	Хаидудород, обл. Хаиду, Венгерское
Magyarország	Венгрия	119	венгерское	д. Бодрок Земплий венгерское
Magyarország	Венгрия	119	Венгерское	с. Таркань в р-не г. Эгер, Венгерское
Magyarország	Венгрия	91	Унгария	д. Нотьвейге, Унгария
Magyarország	Венгрия	91	Унгария	с. Сереич, р-н Боршод, Унгария
Magyarország	Венгрия	80	Венрия	г. Колошвар, окр. Колош, Венрия
Magyarország	Венгрия	80	Венрия	д. Тисотардуш, Венрия
Magyarország	Венгрия	75	Венгер.,	Венгер., губ. Сатмар, р-н Сатмар, ул. Шаркёс Уйнот, 119
Magyarország	Венгрия	75	Венгер.,	Венгер., Вашкорней, край Ваш
Magyarország	Венгрия	58	Венгерская	Венгерская обл., Чик окр., Фелшело, с. Дибо-Фельшело
Magyarország	Венгрия	58	Венгерская	г. Зуглигет, Венгерская
Magyarország	Венгрия	56	Вен.,	Вен., окр. Чонград, с. Бентеш, ул. Фальшудрия
Magyarország	Венгрия	56	Вен.,	Вен., окр. Беогертянош
Magyarország	Венгрия	54	Венгрия.	Венгрия. обл. Пешт, д. Харата, ул. Темноом, № 163
Magyarország	Венгрия	54	Венгрия.	Венгрия. с. Замка, 5 км г. Сванява
Magyarország	Венгрия	53	Венгри.	д. Нейтинг, р-н Новград, обл. Рейчаг, Венгри.
Magyarország	Венгрия	53	Венгри.	Тапомцы, обл. Залоч, Венгри.
Magyarország	Венгрия	51	Венгерской	Венгерской обл., Цигийск. р-н, с. Пешт
Magyarország	Венгрия	51	Венгерской	д. Сасфелен Венгерской
Magyarország	Венгрия	46	Унгария,	Унгария, Тольна Медия р-н, д. Измень, д. № 179
Magyarország	Венгрия	46	Унгария,	Унгария, г. Мезиневет
Magyarország	Венгрия	40	Вен-я	д. Перкато, кр. Файмедя, Вен-я
Magyarország	Венгрия	40	Вен-я	с. Кёрменд, окр. Ваш., Вен-я
Magyarország	Венгрия	39	Венгерск.	с. Оксарит, Полла рос. Венгерск.
Magyarország	Венгрия	39	Венгерск.	с. Вык, Венгерск.
Magyarország	Венгрия	37	Венгия	с. Шатарийуйгей, обл. Земплин, Венгия
Magyarország	Венгрия	37	Венрия,	Венрия, с. Велезно, окр. Шомодь
Magyarország	Венгрия	37	Венгия	с. Кишбирменет, окр. Дер, Венгия
Magyarország	Венгрия	37	Венрия,	Венрия, Пештмеце, г. Ижаг
Magyarország	Венгрия	33	Венгерская,	Венгерская, д. Гарноз, Воршадме, д. № 178
Magyarország	Венгрия	33	Венгерская,	Венгерская, обл. Сатмал, г. Ноибаня
Magyarország	Венгрия	32	(Венгрия)	с. Эден, обл. Гойду, (Венгрия)
Magyarország	Венгрия	27	Венгерский	с. Эгер-Вор, обл. Сомбатой, Венгерский
Magyarország	Венгрия	27	Мадьяр	Мадьяр Канш Бач, Бодрок р-н, ул. Кенеч, д. № 8
Magyarország	Венгрия	27	Венгерский	Венгерский р-н
Magyarország	Венгрия	27	Мадьяр	Солноп Мадьяр
Magyarország	Венгрия	25	Венргия	с. Лучка, Венргия
Magyarország	Венгрия	25	Венргия	д. Плешинь, Венргия
Magyarország	Венгрия	24	Венгерское,	Венгерское, с. Кишкумдорожмо, окр. Солнок
Magyarország	Венгрия	24	Венгерское,	Венгерское, с. Орелшегодь
Magyarország	Венгрия	23	Венгия,	Венгия, Пескрен
Magyarország	Венгрия	23	Венгия,	Венгия, обл. Ваш, с. Нодьмар
Magyarország	Венгрия	22	Венгерской,	Венгерской, обл. Бошорс, р-н Попон, с. Вастри
Magyarország	Венгрия	22	Венгерской,	Венгерской, г. Белатини
Magyarország	Венгрия	19	Вен	г. Сушбатэй, д. Вен
Magyarország	Венгрия	18	Венгер	с. Пушнок, губ. Венгер
Magyarország	Венгрия	18	венгер	с. Лофокит енвек, Дожон венгер
Magyarország	Венгрия	18	Венгер	с. Айфоко, Венгер
Magyarország	Венгрия	17	Венгри	д. Силадь, Шмошеам окр. Силадь мида, Венгри
Magyarország	Венгрия	17	Венгря,	Венгря, обл. Гевеш, окр. Деньдьеши, с. Сичи
Magyarország	Венгрия	17	Венгри	с. Гарко, Венгри
Magyarország	Венгрия	17	Венгря,	Венгря, Пештьмеде, с. Собоцолош
Magyarország	Венгрия	14	Венгря	г. Суматай, обл. Ваш, Венгря
Magyarország	Венгрия	14	Мадьярская	Мадьярская обл., д. Большая Сейнаш, р-н Бекеш
Magyarország	Венгрия	14	Венгря	г. Ракошпалой, Венгря
Magyarország	Венгрия	13	Венгерск.,	Венгерск., г. Дюла, ул. Дезорович, № 8
Magyarország	Венгрия	13	Венгр	с. Нирльерем-Сотморядам, Венгр
Magyarország	Венгрия	13	Венгерск.,	Венгерск., д. Гусано, д. Лашанс
Magyarország	Венгрия	13	Венгр	Залагергель, Венгр
Magyarország	Венгрия	12	Венгрии,	Венгрии, обл. Чик, р-н Дердью Дерев Дитро
Magyarország	Венгрия	12	Венгрии,	Венгрии, с. Уйкичко
Magyarország	Венгрия	11	Венгр,	Венгр, г. Целдегон, кр. Ворош
Magyarország	Венгрия	11	Венгр,	Венгр, с. Токсент Мертон, обл. Будопешт
Magyarország	Венгрия	10	"""Венгрия"""	"д. Або, обл. Фегор, ""Венгрия"""
Magyarország	Венгрия	10	Венгры	г. Сегед, Венгры
Magyarország	Венгрия	10	Унгория	с. Кишкениж, р-н Абауйтарна, обл. Сиксео, Унгория
Magyarország	Венгрия	10	"""Венгрия"""	"с. Черфеньеспчет, ""Венгрия"""
Magyarország	Венгрия	10	Венгры	Фертыраш, Венгры
Magyarország	Венгрия	9	Венгер,	Венгер, Бигор обл., с. Мезителет
Magyarország	Венгрия	9	Венгри,	Венгри, с. Кишкунмойшо, обл. Пешт
Magyarország	Венгрия	9	Венгер,	Венгер, Сентборго р-н
Magyarország	Венгрия	9	Венгри,	Венгри, уезд Ваш, с. Фелшигала
Magyarország	Венгрия	8	Унгар	Венгрия, д. Митлевше, пр. Унгар
Magyarország	Венгрия	8	Венгерия	г. Егер, Венгерия
Magyarország	Венгрия	8	Венгерия	с. Деур, обл. Шомронь, р-н Венгерия
Magyarország	Венгрия	7	Мадьярское	обл. Пеште Медер Кецел, (д. Кецел), Мадьярское
Magyarország	Венгрия	7	Унгари	с. Тото, р-н Комаром, Унгари
Magyarország	Венгрия	7	Унгория,	Унгория, д. Кумбой
Magyarország	Венгрия	6	Венгри.,	Венгри., обл. Саболч, р-н Надькалло, с. Бальнаш
Magyarország	Венгрия	6	Мадьярский	г. Сегет, Мадьярский
Magyarország	Венгрия	6	мадьярский	мадьярский г. Рожоль, окр. Садмор
Magyarország	Венгрия	6	Венгри.,	Венгри., обл. Бигор
Magyarország	Венгрия	6	Мадьярский	г. Шторадыхей, Мадьярский
Magyarország	Венгрия	5	Вен,	Вен, окр. Эстерган, г. Эстерган, ул. Фюсфон, № 4
Magyarország	Венгрия	5	Венгерс.	д. Мизешваш, обл. Борш, ул. Штедюоис, № 20, Венгерс.
Magyarország	Венгрия	5	Венгры.	д. Ченч, окр. Сотмар, Венгры.
Magyarország	Венгрия	5	Венргия,	Венргия, обл. Гевеш, р-н Екри, с. Макло, ул. Нарбальске, № 343
Magyarország	Венгрия	5	Мадьярская,	Мадьярская, г. Ноуградская, окр. Ноуград
Magyarország	Венгрия	5	Унгвари	с. Добронь, р-н Унг, обл. Унгвари
Magyarország	Венгрия	5	Венгерс.	д. Сентуратоп, окр. Венгерс.
Magyarország	Венгрия	5	Венгры.	г. Комарош, Венгры.
Magyarország	Венгрия	4	Венг	окр. Займплин, д. Голоб Венг
Magyarország	Венгрия	4	Венгерия,	Венгерия, Шело Идеедь, д. № 24
Magyarország	Венгрия	4	Венгерска	д. Прин Кота, обл. Пешт, Венгерска
Magyarország	Венгрия	4	Венгерские	г. Будапешт, ул. Келтен, № 11, Венгерские
Magyarország	Венгрия	4	Венгерский,	Венгерский, уезд Бекеи Чобо
Magyarország	Венгрия	4	Венгрский	с. Читекит-Ивонь, обл. Марош Вашар, Венгрский
Magyarország	Венгрия	4	Венр.	с. Тауты, обл. Бихор-миде, Венр.
Magyarország	Венгрия	4	Венрг.	обл. Ваш медх, р-н Вашвар, с. Ченяфист, № 6, Венрг.
Magyarország	Венгрия	4	Вергрия	д. Зоранк, кр. Гевеш, Вергрия
Magyarország	Венгрия	4	Вернгрия	д. Занко, р-н Зала, Вернгрия
Magyarország	Венгрия	4	Мадьярской,	Мадьярской, г. Рожаль, окр. Сотмар
Magyarország	Венгрия	4	Унгарня	с. Черин, р-н Самбото, Лашмадя, Унгарня
Magyarország	Венгрия	4	венг	с. Нодь Комнео, у. Золо венг
Magyarország	Венгрия	4	Венгерска	с. Кочь Венгерска
Magyarország	Венгрия	4	Венгерский,	Венгерский, г. Кечкеллиу
Magyarország	Венгрия	4	Венгра	д. Ешинь, обл. Венгра
Magyarország	Венгрия	4	Венр.	с. Заколзигет, Венр.
Magyarország	Венгрия	4	Венрг.	р-н Киш Конежар, Венрг.
Magyarország	Венгрия	4	Вергрия	с. Таниуши, Вергрия
Magyarország	Венгрия	4	Вернгрия	с. Торпо, Вернгрия
Magyarország	Венгрия	3	Венггрия,	Венггрия, окр. Пешт, р-н Гедом, г. Гедом
Magyarország	Венгрия	3	Венгерск,	Венгерск, с. Дердюселораму, г. Дердюсемиклян
Magyarország	Венгрия	3	Венгр[...]	д. Чернат, окр. Боршу, обл. Боршу, Венгр[...]
Magyarország	Венгрия	3	Венград	г. Кодпетер, обл. Баройсо, Венград
Magyarország	Венгрия	3	Венград,	Венград, обл. Бекеш, р-н Иссекхалли, № 13
Magyarország	Венгрия	3	Венгрий,	Венгрий, Будапештская обл., г. Шоропшарул
Magyarország	Венгрия	3	Венегрия,	Венегрия, окр. Шомодь, р-н Игол, д. Годач
Magyarország	Венгрия	3	Вернгрия,	Вернгрия, обл. Шомодь, с. Чарань
Magyarország	Венгрия	3	Мадьярско	г. Мадьярско
Magyarország	Венгрия	3	Унгвари,	Унгвари, ул. Орсу, Венгрия
Magyarország	Венгрия	3	Унгерия,	Унгерия, обл. Толна, д. Генч
Magyarország	Венгрия	3	Унгор	Унгор
Magyarország	Венгрия	3	Унгрия,	Унгрия, обл. Толна, р-н Шимаптория, д. Генич
Magyarország	Венгрия	3	Венг-я	с. Панозд, окр. Феер, Венг-я
Magyarország	Венгрия	3	Венггрия,	Венггрия, окр. Комаром, с. Кочпако
Magyarország	Венгрия	3	Венгерец,	Венгерец, г. Мокронц
Magyarország	Венгрия	3	Венгр[...]	г. Язтерен, Венгр[...]
Magyarország	Венгрия	3	Венегрия,	Венегрия, г. Кечкемит
Magyarország	Венгрия	3	Унгрия	г. Мако, Унгрия
Magyarország	Венгрия	3	Унгрия,	Унгрия, г. Бобо
Magyarország	Венгрия	2	(Венгр.)	г. Шопрон, (Венгр.)
Magyarország	Венгрия	2	(венгр.)	Шаторолёоуйгей (венгр.)
Magyarország	Венгрия	2	Вен[...]	Делно-Сент-Миклош, уезд Гевеш, Вен[...]
Magyarország	Венгрия	2	Венггрия	д. Арло, р-н Баршод, Венггрия
Magyarország	Венгрия	2	Венгерс.,	Венгерс., обл. Хайду, г. Сават Петофи, д. 410
Magyarország	Венгрия	2	Венгерск	г. Будопешт, ул. Арина, д. 60, Венгерск
Magyarország	Венгрия	2	Венгерска,	Венгерска, обл. Мошонь, р-н Мошонь, с. Сентриф, ул. Чосарнапусть
Magyarország	Венгрия	2	Венгерско	г. Киш-Сомбор, ул. Ветори, № 7, Венгерско
Magyarország	Венгрия	2	Венгерского	г. Хойду Собоелу, Венгерского
Magyarország	Венгрия	2	Венгиря	с. Кишагонь, обл. Пожень, Венгиря
Magyarország	Венгрия	2	Венгр-я	с. Сапар, обл. Веспрей, Венгр-я
Magyarország	Венгрия	2	Венгреской	Венгреской обл. Пешт, г. Ишасен, ул. Телеплом
Magyarország	Венгрия	2	Венгрея	д. Дердиауйфалу, обл. Чик, Венгрея
Magyarország	Венгрия	2	Венгри[...]	г. Сотмарнемета, обл. Сотмар, ул. Мурани, № 30, Венгри[...]
Magyarország	Венгрия	2	Венгрид,	Венгрид, обл. Комаром, р-н Дунасердегай, д. Вашаруд
Magyarország	Венгрия	2	Венгрин	с. Секхаиул, обл. Бекиш, Венгрин
Magyarország	Венгрия	2	Венгрич,	Венгрич, с. Бакто, г. Сиксо
Magyarország	Венгрия	2	Венгрияч	г. Сулук, г. Борч, обл. Шомодь, Венгрияч
Magyarország	Венгрия	2	Венгрияя	обл. Комару, сл. Сон, Венгрияя
Magyarország	Венгрия	2	Венгрская	Венгрская обл., Шомой Местечко Соботедый
Magyarország	Венгрия	2	Венгрское	с. Гембешфала, Баршод обл., Венгрское
Magyarország	Венгрия	2	Венгрской	с. Яслодон, р-н Ясладон, губ. Силнок, Венгрской
Magyarország	Венгрия	2	Венгры,	Венгры, окр. Бехар, д. Фурта
Magyarország	Венгрия	2	Венгшрия	с. Шамодвар, обл. Шомодь, Венгшрия
Magyarország	Венгрия	2	Венр.,	Венр., д. Кошенце, окр. Ипольшиг
Magyarország	Венгрия	2	Вергрия,	Вергрия, д. Тотобанго, обл. Комарум
Magyarország	Венгрия	2	Мадьярский,	Мадьярский, г. Чобрендег, окр. Зола
Magyarország	Венгрия	2	Мадьярское,	Мадьярское, г. Питворош, окр. Чонад
Magyarország	Венгрия	2	Мадьярской	Мадьярской д., г. Аданд, окр. Шомочь
Magyarország	Венгрия	2	Унгар,	Унгар, р-н Шамонь, обл. Пейг
Magyarország	Венгрия	2	Унгарн	д. Шашть, обл. Пейч Унгарн
Magyarország	Венгрия	2	Унгарский	с. Эрду-телек, уезд Эвеш Унгарский
Magyarország	Венгрия	2	Унгерия	Унгерия
Magyarország	Венгрия	2	Вен[...]	в р-не г. Бекеш чобо, Вен[...]
Magyarország	Венгрия	2	Венгерий	Над Тетель, Венгерий
Magyarország	Венгрия	2	Венгерск	Шомодьсентандраш, Венгерск
Magyarország	Венгрия	2	Венгерско	г. Фадд, Венгерско
Magyarország	Венгрия	2	Венгерского	с. Нодькереш, Венгерского
Magyarország	Венгрия	2	Венгиря	с. Мейфюнчонок, д. Гер, Венгиря
Magyarország	Венгрия	2	Венгр-я	ж. Жирон, уезд Кеисен, Венгр-я
Magyarország	Венгрия	2	Венгрея	г. Сантиш, Венгрея
Magyarország	Венгрия	2	Венгри[...]	г. Этее, Венгри[...]
Magyarország	Венгрия	2	Венгри[...],	Венгри[...], с. Колотхельмец
Magyarország	Венгрия	2	Венгрин	р-н Венгрин
Magyarország	Венгрия	2	Венгрияя	с. Пинкюштвар, обл. Золо, Венгрияя
Magyarország	Венгрия	2	Венгрская	Венгрская обл., Зола
Magyarország	Венгрия	2	Венгрское	Венгрское
Magyarország	Венгрия	2	Венегрия	г. Таплоселен, Венегрия
Magyarország	Венгрия	2	Венр.,	Венр., д. Диошко
Magyarország	Венгрия	2	Венри	Венри
Magyarország	Венгрия	2	Вергрия,	Вергрия, с. Рогунуц
Magyarország	Венгрия	2	Мадьярской	Мадьярской д., Австрия, г. Алшулендьа
Magyarország	Венгрия	2	Унгарн	г. Зегксарт, провинция Унгарн
Magyarország	Венгрия	1	"""Венгр."""	"г. Кишкунд, ул. Кум, 26, ""Венгр."""
Magyarország	Венгрия	1	"""Венгрия"","	"""Венгрия"", обл. Боршод, с. Мезекерестеш, ул. Берчени, № 26"
Magyarország	Венгрия	1	(Унгар)	с. Вашгут, 489, обл. Бачко (Унгар)
Magyarország	Венгрия	1	(Унгария)	с. Диботорец, р-н Боршон, Венгрия (Унгария)
Magyarország	Венгрия	1	(унгарщ)	с. Гиздорок, р-н Тольно, д. № 105 (унгарщ)
Magyarország	Венгрия	1	Вен-я,	Вен-я, обл. Веспрым, с. Риде
Magyarország	Венгрия	1	Вен[...],	Вен[...], д. Ба[...], обл. Пейс[...]
Magyarország	Венгрия	1	Венар	с. Мартош, обл. Нитра Венар
Magyarország	Венгрия	1	Венарий,	Венарий, р-н Сабонч, с. Петничоф
Magyarország	Венгрия	1	Венгери	Обоин, Венгери
Magyarország	Венгрия	1	Венгерка,	Венгерка, обл. Купушьфеем Шарвшор
Magyarország	Венгрия	1	Венгерлу	Венгрия, обл. Собольч, р-н Додон-Олшуярош, с. Венгерлу
Magyarország	Венгрия	1	Венгерная,	Венгерная, обл. Хевеш, г. Сурдоклишпеки, ул. Моломшор
Magyarország	Венгрия	1	Венгерс[...]	Ниредь-Газо, Венгерс[...]
Magyarország	Венгрия	1	Венгерскам	Венгерскам Егош, Кулшанок, с. Пшо-Керо, д. № 129
Magyarország	Венгрия	1	Венгерски.,	Венгерски., с. Менорэ, обл. Дер
Magyarország	Венгрия	1	Венгерские,	Венгерские, обл. Боршод, с. Тисадорочки
Magyarország	Венгрия	1	Венгерскии,	Венгерскии, окр. Марош тордп, с. Келемен телька
Magyarország	Венгрия	1	Венгерско,	Венгерско, пр. Шопрон, г. Силшар кань, ул. Фю, д. № 42/б
Magyarország	Венгрия	1	Венгерскои	Монорирта, окр. Венгерскои
Magyarország	Венгрия	1	Венгерщина	с. Ярги, обл. Вейсе, Венгерщина
Magyarország	Венгрия	1	Венгеры	г. Бекиштчево, р-н Партной, Венгеры
Magyarország	Венгрия	1	Венгерь,	Венгерь, обл. Абауй-Торна, д. Новайграня
Magyarország	Венгрия	1	Венгиря,	Венгиря, г. Бекаш, с. Юла
Magyarország	Венгрия	1	Венгник	обл. Обонь, с. Крижерск Венгник
Magyarország	Венгрия	1	Венгнрски	Уйнешт, Венгнрски
Magyarország	Венгрия	1	Венго.	д. Нослов, р-н Веслерим, Венго.
Magyarország	Венгрия	1	Венгория	с. Эгржольнок, р-н Эгрп, губ. Хевеш, Венгория
Magyarország	Венгрия	1	Венгрей	с. Хайдубесеки, Венгрей
Magyarország	Венгрия	1	Венгрен.-Меде	д. Тушка-Вар, окр. Венгрен.-Меде
Magyarország	Венгрия	1	Венгреское	г. Кендереш, обл. Солно, Венгреское
Magyarország	Венгрия	1	Венгрея,	Венгрея, обл. Берек, р-н Беренгас, с. Кишбеган
Magyarország	Венгрия	1	Венгриия	г. Ниредьгоза, Венгриия
Magyarország	Венгрия	1	Венгрийск.,	Венгрийск., г. Ниведь-Аззи, обл. Содолч
Magyarország	Венгрия	1	Венгрим	д. Эчед, окр. Новград, Венгрим
Magyarország	Венгрия	1	Венгрим,	Венгрим, обл. Хевиш, с. Дьендьешхалас, ул. Коложаори, № 8
Magyarország	Венгрия	1	Венгрися,	Венгрися, с. Кишманюк, р-н Вельчичияраш, обл. Тольномедия
Magyarország	Венгрия	1	Венгрия-40	пр. Пешт, с. Таштот, ул. Фельшеутца, Венгрия-40
Magyarország	Венгрия	1	Венгрия-Гемер	Венгрия-Гемер меде, с. Любеник
Magyarország	Венгрия	1	Венгрия-Толна	Венгрия-Толна Меде, с. Речель, ул. Табан, № 183
Magyarország	Венгрия	1	Венгрия-Торношпалдо	Венгрия-Торношпалдо
Magyarország	Венгрия	1	Венгрияомодь	с. Шамодьвар, край Шомодь, Венгрияомодь
Magyarország	Венгрия	1	Венгрияя,	Венгрияя, Земплим меде, с. Маккош
Magyarország	Венгрия	1	Венгрй.	д. Нймче, г. Эгер, у. Апоньй, д. 88, Венгрй.
Magyarország	Венгрия	1	Венгрк.	с. Пшипежедор, обл. Бероне, Венгрк.
Magyarország	Венгрия	1	Венгрния,	Венгрния, обл. Марморош, р-н Рагов, с. Дердьянлигет
Magyarország	Венгрия	1	Венгро	Венгро обл. Абоуй, г. Вершемиро
Magyarország	Венгрия	1	Венгро.	г. Ракум, ул. Дешенко, 43, Венгро.
Magyarország	Венгрия	1	Венгрс.,	Венгрс., обл. Бармад, г. Тисабабало, ул. Федца, д. № 101
Magyarország	Венгрия	1	Венгрск.	с. Кебельку, р-н Эстерком, обл. Порконь, Венгрск.
Magyarország	Венгрия	1	Венгрск.,	Венгрск., с. Исаич, уезд Бестерея Лагцу
Magyarország	Венгрия	1	Венгрская,	Венгрская, обл. Шомодь, р-н Сигодвар, с. Шамодовисло
Magyarország	Венгрия	1	Венгру	обл. Пешт, р-н Кунсемиклош, Венгру
Magyarország	Венгрия	1	Венгршеска	с. Ибрань, обл. Сабальч, Венгршеска
Magyarország	Венгрия	1	Венгрь.	г. Межукувежд, Венгрь.
Magyarország	Венгрия	1	Венгшрия,	Венгшрия, р-н Иолад, с. Леезуйгедуич
Magyarország	Венгрия	1	Венерня,	Венерня, обл. Хевош, р-н Эгри, г. Эгер, ул. Маклори, 62
Magyarország	Венгрия	1	Веннгрия	д. Бихар-Надьбело, Веннгрия
Magyarország	Венгрия	1	Венргей	г. Паопо, окр. Венргей
Magyarország	Венгрия	1	Венргрия	с. Чунглад Меде, Сечуар, Венргрия
Magyarország	Венгрия	1	Венргрия,	Венргрия, г. Будапешт
Magyarország	Венгрия	1	Вентр.	м. Пеле, окр. Силаяр Вентр.
Magyarország	Венгрия	1	Вентрия	с. Шатод, обл. Вентрия
Magyarország	Венгрия	1	Вентрия,	Вентрия, обл. Баг-Бодрот, г. Темерин
Magyarország	Венгрия	1	Венциня,	Венциня, к. Бешт, с. Хейвиздерк
Magyarország	Венгрия	1	Веренгия,	Веренгия, с. Нюл, обл. Дер
Magyarország	Венгрия	1	Вернгия	д. Тарражодак, р-н Гевеш, обл. Ярош, Вернгия
Magyarország	Венгрия	1	Вернгр.	г. Карцаг, окр. Солнок, ул. Текеш, 165, Вернгр.
Magyarország	Венгрия	1	Вингерское	с. Кишбирг, р-н Комаром, Вингерское
Magyarország	Венгрия	1	Мадерия,	Мадерия, обл. Шалашди, с. Курде
Magyarország	Венгрия	1	Мадъярское	д. Фёльнемент Мадъярское
Magyarország	Венгрия	1	Мадьяра,	Мадьяра, с. Цечлиедберцелен, обл. Будапешт, Венгрия
Magyarország	Венгрия	1	Мадьярск	с. Салатня, р-н Гонт, Мадьярск
Magyarország	Венгрия	1	Мадьярск,	Мадьярск, г. Кишкундорошма, ул. Хортымиклеш, 14
Magyarország	Венгрия	1	Мадьярск.	с. Томклем, кр. Испалт, Мадьярск.
Magyarország	Венгрия	1	Унгард,	Унгард, Боржемеди Ост.
Magyarország	Венгрия	1	Унгаре	г. Будапеште, ул. Симбегецир, Акуикгассе, д. № 7, Унгаре
Magyarország	Венгрия	1	Унгарен,	Унгарен, с. Госсубаин, № 16
Magyarország	Венгрия	1	Унгарея,	Унгарея, обл. Толна, р-н Шиманторея, Денч, 591
Magyarország	Венгрия	1	Унгариц	Унгариц обл., Бороня р-н, д. Хетьхорти
Magyarország	Венгрия	1	Унгарйа,	Унгарйа, д. Эсен
Magyarország	Венгрия	1	Унгарну	Худвизы, Вашархалд, Унгарну
Magyarország	Венгрия	1	Унгарория,	Унгарория, г. Эсторгом, сл. Леонварь
Magyarország	Венгрия	1	Унгарское	д. Нирмигийте Меди Собоч, Унгарское
Magyarország	Венгрия	1	Унгарт	с. Зедлигет, окр. Будапешт, Унгарт
Magyarország	Венгрия	1	Унгартян	Будапешт, р-н Унгартян
Magyarország	Венгрия	1	Унгарше	с. Мезосилаш, окр. Тольна Унгарше
Magyarország	Венгрия	1	Унгары,	Унгары, обл. Пешт, р-н Геделиег, с. Гедели
Magyarország	Венгрия	1	Унгерской	с. Эрдутелек, уезд Эвеш Унгерской
Magyarország	Венгрия	1	Унгирия,	Унгирия, Будапешт, Тальтуш
Magyarország	Венгрия	1	Унгор,	Унгор, Весприн обл., с. Эши
Magyarország	Венгрия	1	Унгорио,	Унгорио, г. Мэни-Бог
Magyarország	Венгрия	1	Унгоря	Унгоря обл., Моток р-н, Моилонсенякут, ул. Инарош, 16
Magyarország	Венгрия	1	(Мадьяренцина)	г. Надькородь (Мадьяренцина)
Magyarország	Венгрия	1	(венгерская)	г. Сепетник (венгерская)
Magyarország	Венгрия	1	Венадрия	г. Шуприн Венадрия
Magyarország	Венгрия	1	Венар.	г. Канежа, Венар.
Magyarország	Венгрия	1	Венбрий	г. Мурасамбат, р-н Венбрий
Magyarország	Венгрия	1	Венгер-Модяр	Венгер-Модяр в Будапеште
Magyarország	Венгрия	1	Венгер.-Герм.,	Венгер.-Герм., граница
Magyarország	Венгрия	1	Венгергод	г. Макау, Венгергод
Magyarország	Венгрия	1	Венгеркое	Залауйвар Венгеркое
Magyarország	Венгрия	1	Венгеробью	с. Немештюк, Золо, Венгеробью
Magyarország	Венгрия	1	Венгерске	Венгерске
Magyarország	Венгрия	1	Венгерски	с. Фегир, обл. Колаш, Венгерски
Magyarország	Венгрия	1	Венгерским	с. Фегир, обл. Колеш, Венгерским
Magyarország	Венгрия	1	Венгерской.	с. Балатонфюрет, обл. Венгерской.
Magyarország	Венгрия	1	Венгерскоя	с. Сенсорчело краи дереш, Венгерскоя
Magyarország	Венгрия	1	Венгерску	г. Буда, в Венгерску
Magyarország	Венгрия	1	Венглис	г. Пештуэт, Венглис
Magyarország	Венгрия	1	Венгрг.	д. Тернок, Венгрг.
Magyarország	Венгрия	1	Венгргия	Венгргия
Magyarország	Венгрия	1	Венгре,	Венгре, д. Нехрия
Magyarország	Венгрия	1	Венгре.	г. Сексард, обл. Тольно, Венгре.
Magyarország	Венгрия	1	Венгрер	Урикиш Ороло Венгрер
Magyarország	Венгрия	1	Венгрерске	в Венгрерске
Magyarország	Венгрия	1	Венгрес	с. Серегееш, Пр. ФССР, Венгрес
Magyarország	Венгрия	1	Венгреск.,	Венгреск., обл. Мошон, д. Плонкемеде-Веллер
Magyarország	Венгрия	1	Венгрию	с. Шомодит, в Венгрию
Magyarország	Венгрия	1	Венгрия.,	Венгрия., г. Самбатгей
Magyarország	Венгрия	1	Венгрияч,	Венгрияч, г. Шопрон
Magyarország	Венгрия	1	Венгрния	с. Денделиното, Венгрния
Magyarország	Венгрия	1	Венгрпя	Варкофоркош, Венгрпя
Magyarország	Венгрия	1	Венег.	Голамбот, обл. Зола, Венег.
Magyarország	Венгрия	1	Венерской	г. Гашмерпуста, обл. Ваш, Венерской
Magyarország	Венгрия	1	Вензгар,	Вензгар, с. Ишосек
Magyarország	Венгрия	1	Веннрия,	Веннрия, обл. Весприм
Magyarország	Венгрия	1	Венрг.,	Венрг., с. Турия-Реме[...], близ г. Перечень
Magyarország	Венгрия	1	Венргии	арестован в Венргии
Magyarország	Венгрия	1	Венри.	р-н Зололевой, Венри.
Magyarország	Венгрия	1	Венрии	арестован в Венрии
Magyarország	Венгрия	1	Венрь,	Венрь, с. Сентамаш
Magyarország	Венгрия	1	Венткия	д. Венткия
Magyarország	Венгрия	1	Веприя	с. Копувар, Веприя
Magyarország	Венгрия	1	Мадария	г. Чап, Мадария
Magyarország	Венгрия	1	Мадьяр,	Мадьяр, Увыр
Magyarország	Венгрия	1	Мадьяра	д. Нирпилиш, окр. Мадьяра
Magyarország	Венгрия	1	Унгареа	г. Саботсалащ, Унгареа
Magyarország	Венгрия	1	Унгарн,	Унгарн, с. Эгерсел
Magyarország	Венгрия	1	Унгарчия	Витнейд, Унгарчия
Magyarország-Románia	Венгрия-Румыния	2	Венгрия-Румыния	на границе Венгрия-Румыния
Magyarország-Románia	Венгрия-Румыния	2	Рум.-Венг.	Рум.-Венг. гр., д. Касонятыз
Magyarország-Románia	Венгрия-Румыния	2	Рум.-Венгр.	Рум.-Венгр. граница, д. Коштелен, в 20 км Чех.
Magyarország-Románia	Венгрия-Румыния	2	Рум.-венг.	Рум.-венг. гр., д. Касонатыз
Magyarország-Románia	Венгрия-Румыния	1	Венгерско-Рум	Венгерско-Рум г., д. Чучейги
Magyarország-Románia	Венгрия-Румыния	1	Рум.-Венгер.	Рум.-Венгер. гр-це, д. Фимиикечигнох
Magyarország-Románia	Венгрия-Румыния	1	Румыно-Венгерская	Румыно-Венгерская граница, д. Ферщилок, 40 км от г. Чикареда
Magyarország-Románia	Венгрия-Румыния	1	Румыно-Венгерский	д. Сайпвиз, р-н Румыно-Венгерский
Magyarország-Románia	Венгрия-Румыния	1	Румынско-Венгерская	Румынско-Венгерская граница, д. Отдала, 10 км от г. Кездивамарх
Magyarország-Románia	Венгрия-Румыния	1	Румыния-Венгрия,	Румыния-Венгрия, д. Домонкош, пр. Солнок
Moldávia	Молдава	19	Молдавск. ССР	д. Мукачево, Молдавск. ССР
Moldávia	Молдава	19	Молдавск. ССР	г. Унгени, Молдавск. ССР
Moldávia	Молдава	11	Молдава	Молдава
Moldávia	Молдава	11	Молдава	с. Яблонов на Турно, окр. Молдава
Moldávia	Молдава	7	Молдавия	Молдавия
Moldávia	Молдава	2	Молдаванской	в р-не ст. Молдаванской
Moldávia	Молдава	2	Молдован	р-н Молдован
Moldávia	Молдава	1	Молдав	р-н Молдав
Moldávia	Молдава	1	Молдав. ССР	Молдав. ССР
Moldávia	Молдава	1	Молдавия,	Молдавия, г. Ново-место
Moldávia	Молдава	1	Молдавская	Молдавская ССР, г. Коломия, с. Уигури
Moldávia	Молдава	1	Молдованск	на Ковказе, в р-не Молдованск
Moldávia	Молдава	1	Молдованской	в р-не ст. Молдованской
Moldávia	Молдава	1	Молдованя	г. Гуге Молдованя
Moldávia	Молдава	1	Молдови	при Реве, Молдови
Morvaország	Моравия	50	Моравия	Обер-Умешен, Моравия
Morvaország	Моравия	50	Моравия	в р-не г. Брно, Моравия
Morvaország	Моравия	21	Моравия,	Моравия, г. Яшков
Morvaország	Моравия	16	Морава	г. Брено, Морава
Morvaország	Моравия	10	Морава,	Морава, д. Ярышов
Morvaország	Моравия	10	Моравии	с. Зитау, в Моравии
Morvaország	Моравия	6	Морванска	Морванска республика, г. Неметеш
Morvaország	Моравия	2	Моравская	Моравская обл., Чехословакия
Morvaország	Моравия	2	Моравские	г. Острава Моравские
Morvaország	Моравия	1	Моравва,	Моравва, Чехословакия
Morvaország	Моравия	1	Морави	г. Морави
Morvaország	Моравия	1	Моравиа,	Моравиа, Чехословакия
Morvaország	Моравия	1	Моравская,	Моравская, Острова
Morvaország	Моравия	1	Моравске	с. Моравске
Morvaország	Моравия	1	Моравски	Моравски Острови, ЧСР
Morvaország	Моравия	1	Моравский	г. Моравский
Morvaország	Моравия	1	Морванская	Морванская республика
Németország	Германия	3514	Германия	д. Лицлов, Германия
Németország	Германия	3514	Германия	г. Сегет, обл. Фельшу, Германия
Németország	Германия	421	Германия,	Германия, г. Ратибор
Németország	Германия	421	Германия,	Германия, г. Альтенбене, обл. Хашм
Németország	Германия	322	Герм.	Ландсберг, Герм.
Németország	Германия	322	Герм.	г. Ниреть-хаза, обл. Сабольч, Герм.
Németország	Германия	100	Герман.	г. Ксетрин, Герман.
Németország	Германия	100	Герман.	Модерокерш, окр. Бургеганд, Герман.
Németország	Германия	96	Германии	д. Инцендорф, в Германии
Németország	Германия	96	Германии	с. Кишнец, р-н Германии
Németország	Германия	57	Герм.,	Герм., с. Рапдофгёге
Németország	Германия	57	Герм.,	Герм., д. Чоуеш, р-н Кишкунчолош
Németország	Германия	6	Герма.	г. Бейч, Герма.
Németország	Германия	5	Герман.,	Герман., Грайсвальд
Németország	Германия	3	Германией	с. Кира на границе с Германией
Németország	Германия	2	Герм	г. Ризи, Герм
Németország	Германия	2	Герм,	Герм, д. Вомт, окр. Пренцлау
Németország	Германия	2	Герм-я	Шöпрон, Герм-я
Németország	Германия	2	Герман	Герман Дюре
Németország	Германия	1	Австродорф,	Австродорф, Гамре, Германия
Németország	Германия	1	Германи	с. Сентофлориан, Германи
Németország	Германия	1	Германиия	интернирован, Вишток, Германиия
Németország	Германия	1	Германию	Верхняя Селезия, г. Штранс, в Германию
Németország	Германия	1	Германия)	Шопрон, Венгрия (г. Липс, Германия)
Németország	Германия	1	Германия-Австрия	г. Грофеноу, Германия-Австрия
Németország	Германия	1	Германия-Силезия	г. Бреслау, Германия-Силезия
Németország	Германия	1	Германсдорд,	Германсдорд, Германия
Németország	Германия	1	Германск.	Германск. Горы
Németország	Германия	1	Германския	Германския Семод
Németország	Германия	1	Германское	г. Ризо, Германское
Németország	Германия	1	Германт	г. Германт
Németország	Германия	1	Герминия	Дойчланберг, Герминия
Németország	Германия	1	Гермния	г. Бельград, Гермния
Németország	Германия	1	Гермоня	Каплиу, Гермоня
Poroszország	Пруссия	19	Пруссия	д. Моренцвале, р-н Гомбинен, Восточ. Пруссия
Poroszország	Пруссия	19	Пруссия	г. Шнейволь, З. Пруссия
Poroszország	Пруссия	4	Прус.	Кенигсберс, Вост. Прус.
Poroszország	Пруссия	2	Прусия	о. Рюген, Восточная Прусия
Poroszország	Пруссия	2	Прусс.	г. Лаценбург, В. Прусс.
Poroszország	Пруссия	2	Пруссии	г. Пренслоу, в Пруссии
Poroszország	Пруссия	1	Прусея	около г. Лянтсберг, Вост. Прусея
Poroszország	Пруссия	1	Прусса	г. Кенигсберг, В. Прусса
Románia	Румыния	15317	Румыния	г. Арот, обл. Арат, Румыния
Románia	Румыния	15317	румыния	с. Сатмар-Немеди, румыния
Románia	Румыния	15317	Румыния	р-н Киргу-Маря, Румыния
Románia	Румыния	6095	Румыния,	Румыния, д. Годрей
Románia	Румыния	6095	Румыния,	Румыния, Трансильвания
Románia	Румыния	348	Румын.	с. Чик-Сен. Мартын, уезд Чук, Румын.
Románia	Румыния	348	Румын.	г. Турда, Румын.
Románia	Румыния	125	Румынии	Венгрия, окр. Орад, с. Надьзеринд, ранее принадл. Румынии
Románia	Румыния	125	Румынии	г. Арад в Румынии
Románia	Румыния	34	Румын.,	Румын., г. Бухарест, ул. Кольвинтори, д. 152
Románia	Румыния	34	Румын.,	Румын., д. Коцка
Románia	Румыния	13	Россия	ст. Касторная, Россия
Románia	Румыния	11	(Румыния)	окр. Чик, Венгрия (Румыния)
Románia	Румыния	11	Румынское	г. Коложвар, Опохидо, Румынское
Románia	Румыния	11	Румынское	г. Брошу, гос. Румынское
Románia	Румыния	10	Румынская	Румынская граница, г. Либафальб
Románia	Румыния	10	Румынская	г. Турцо ороиш, Турцо обл., Румынская
Románia	Румыния	8	Роман	д. Тарчафалва, обл. Удвирхей, Роман
Románia	Румыния	8	Роман	Роман
Románia	Румыния	5	Румыния)	г. Силадьбагош, обл. Силадь, Венгрия (ныне Румыния)
Románia	Румыния	5	Румыния)	с. Верпелит, обл. Хевеш (Бере, Румыния)
Románia	Румыния	4	Румения,	Румения, с. Борут, Горумойка обл.
Románia	Румыния	4	Ромоня	Венгрия, с. Ромоня
Románia	Румыния	4	Румынское,	Румынское, г. Муреш
Románia	Румыния	4	Румынская,	Румынская, с. Амамор, уезд Сибив
Románia	Румыния	4	Румынское,	Румынское, г. Арад
Románia	Румыния	3	Романия	с. Икофолво, обл. Гаромсуйк, Романия
Románia	Румыния	3	Румыни.	уезд Мурет, Румыни.
Románia	Румыния	3	Романия	г. Арад, Романия
Románia	Румыния	3	Румыни.	в р-не Ростомеде, Румыни.
Románia	Румыния	3	Румынск.	г. Арад, Румынск.
Románia	Румыния	3	Румыня	г. Орат, Румыня
Románia	Румыния	3	Румынск.	Бришов, Румынск.
Románia	Румыния	3	Румыня	с. Чиксематро, обл. Чейк, Румыня
Románia	Румыния	2	Венгрия-Румыния	с. Омбот, окр. Сотмар, Венгрия-Румыния
Románia	Румыния	2	Романец	Румыния, с. Каракал, № 1, губ. Романец
Románia	Румыния	2	Румания,	Румания, г. Марош-вашергей, р-н, Морош
Románia	Румыния	2	Руминия	обл. Мороморошсигет, г. Мароморошсигет, Руминия
Románia	Румыния	2	Румия	с. Тодьярбихо, р-н Баифихуня, обл. Коложвар, Румия
Románia	Румыния	2	Румния,	Румния, Трансильвания, уезд Сату-Маре, с. Чонауш
Románia	Румыния	2	Россия,	Россия, Воронеж. обл., с. Петропавловс.
Románia	Румыния	2	Румания,	Румания, д. Оронешдереш
Románia	Румыния	2	Румия	с. Магошдрок, окр. Ваш, Румия
Románia	Румыния	2	Румынской	д. Бельфени, Бигор р-н, Румынской
Románia	Румыния	2	Румяния,	Румяния, с. Нарядкесвелши
Románia	Румыния	1	Венгрия-Рум.	с. Фенед, Сепудворгей обл., Венгрия-Рум.
Románia	Румыния	1	Ром.	Ром. Сантеш, р-н Гонград, ул. Меч-Белок, 17
Románia	Румыния	1	Романе	д. Пинкута, р-н Романе
Románia	Румыния	1	Ромониа	Нодь Солошита, обл., Белозь, Ромониа
Románia	Румыния	1	Руменское	Силадьгорч, р-н Силадь, Руменское
Románia	Румыния	1	Румин.	г. Петрожель, ул. Госу, 25, Румин.
Románia	Румыния	1	Румин.,	Румин., окр. Мороштордомеде, д. Тшанд, 3
Románia	Румыния	1	Румина,	Румина, с. Фюрдереметс, р-н Чик
Románia	Румыния	1	Руминская	Руминская обл., Колож, г. Коложвар
Románia	Румыния	1	Руминския	Руминския обл. Гизегфолд, р-н Райкош, с. Томая
Románia	Румыния	1	Румия,	Румия, пр. Трансильвания, уезд Чик, д. Чоморта
Románia	Румыния	1	Румыни	г. Дето, р-н Даньшбе, Румыни
Románia	Румыния	1	Румыниия	р. Мезейбонитон, обл. Морошторда, Румыниия
Románia	Румыния	1	Румыниря	с. Ольшукомарец, обл. Сотмар, Румыниря
Románia	Румыния	1	рум	Дердюкллиян, обл. Чиюк, Трансильвания рум
Románia	Румыния	1	рум.	д. Хорой, обл. Харумик, Медя рум.
Románia	Румыния	1	России	д. Коломер, в России
Románia	Румыния	1	Румания	с. Панкута, г. Арад, Румания
Románia	Румыния	1	Руминия,	Руминия, с. Верещ меди
Románia	Румыния	1	Румины	с. Торф., обл. Торд., Румины
Románia	Румыния	1	Румон.	г. Среда, Румон.
Románia	Румыния	1	Румынии,	Румынии, г. Тордо
Románia	Румыния	1	Румынию,	Румынию, г. Нойзберг
Románia	Румыния	1	Румыния.	Румыния. Бихарская обл., с. Сейкельэнт
Románia	Румыния	1	РумынияБуковина,	РумынияБуковина, с. Андроморалу
Románia	Румыния	1	Румыновс.	с. Маргита, обл. Марош, Румыновс.
Románia	Румыния	1	Румынские,	Румынские, г. Тимошлара, ул. Прытковилыу, 22
Románia	Румыния	1	Румынский,	Румынский, Кгишкюкюле Марош Гепол, д. 22
Románia	Румыния	1	Румынским	г. Темешвар, с 1920 г. Темешвар числится Румынским
Románia	Румыния	1	Румынскоё,	Румынскоё, обл. Сатумары, комуна Иожип
Románia	Румыния	1	Румыня,	Румыня, обл. Арад, с. Зиланд
Románia	Румыния	1	Румыыния	обл. Сотмар, с. Ченалош, Румыыния
Románia	Румыния	1	Румяния	с. Олшившимон, обл. Ород, Румяния
Szovjetúnió	СССР	247	СССР	г. Берегов, ул. Бойнок, Зак. Украина, СССР
Szovjetúnió	СССР	247	СССР	Касторная СССР
Szovjetúnió	СССР	58	русь	д. Ашвань, р-н Ужгород, Подхарп. русь
Szovjetúnió	СССР	36	СССР,	СССР, ст. Шарья, Кировской обл.
Szovjetúnió	СССР	36	СССР,	СССР, г. Воронеж
Szovjetúnió	СССР	13	Россия	г. Омск, Россия
Szovjetúnió	СССР	9	Рус.	д. Фэртмолшом, р-н Совлешский, обл. Подк. Рус.
Szovjetúnió	СССР	9	Рус.	арестован, Зак. Рус.
Szovjetúnió	СССР	5	Русь.	с. Серне, Мукачевской обл., Прикарп. Русь.
Szovjetúnió	СССР	5	Русь.	г. Мукачево, Подк. Русь.
Szovjetúnió	СССР	2	Россия,	Россия, г. Красноярск, Самарская обл.
Szovjetúnió	СССР	2	Рус	г. Туст, обл. Туст, ул. Ластура, 3, Зак. Рус
Szovjetúnió	СССР	1	русс	г. Мукачев, край Подкарпатская русс
Ukrajna	Украина	1406	Украина	с. Тисачама, Берегевс. р-н, обл. Берг, Закарпатская Украина
Ukrajna	Украина	1406	украина	с. Герексас, уезд Берег, Закарпатская украина
Ukrajna	Украина	1406	Украина	г. Коломна, Украина
Ukrajna	Украина	1064	Укр.	г. Берегово, обл. Берег., Зак. Укр.
Ukrajna	Украина	1064	укр.	Недьбороне, окр. Ужюроц, обл. Уин, Зок. укр.
Ukrajna	Украина	1064	Укр.	арестован, с. Вел. Мутовя, Зап. Укр.
Ukrajna	Украина	422	УССР	д. Соловка, окр. Ужгородский, Зак обл., УССР
Ukrajna	Украина	422	УССР	в р-не Станислова, в р-не Майданского леса, УССР
Ukrajna	Украина	47	УССР,	УССР, Закарпатская обл., Унг-Меди, д. Есень
Ukrajna	Украина	47	УССР,	УССР, р-н Коломея, с. Печениш
Ukrajna	Украина	34	Украина,	Украина, обл. Одесская, с. Колызру
Ukrajna	Украина	34	Украина,	Украина, Луцк
Ukrajna	Украина	25	Украине	на Украине
Ukrajna	Украина	23	Украин.	с. Велики-Добронь, Зак. Украин.
Ukrajna	Украина	23	Украин.	с. Хоршеральва, Закарпат. Украин.
Ukrajna	Украина	19	Украйна	д. Башю, обл. Берег, р-н Мукачево, Зап. Украйна
Ukrajna	Украина	19	Украйна	в р-не Чериков, Украйна
Ukrajna	Украина	18	Ук.	д. Бенен, обл. Берег, Закор. Ук.
Ukrajna	Украина	18	Ук.	Мункочево, Захк. Ук.
Ukrajna	Украина	12	Укр	Тисакеречен, окр. Берегово, обл. Берег, Зак. Укр
Ukrajna	Украина	12	УКР	интернирован, с. Фертошалмаш, окр. Севиюш, 3, УКР
Ukrajna	Украина	12	Укр	г. Берегово, Зак. Укр
Ukrajna	Украина	10	Украи.	обл. Боршод, р-н Мукачевский, с. Форнош, Закарпат. Украи.
Ukrajna	Украина	10	Украи.	г. Луцк, Зок. Украи.
Ukrajna	Украина	7	Укр.)	с. Бодоло, р-н Берегово, Чехословакия (Закарп. Укр.)
Ukrajna	Украина	7	Укр.)	г. Млинов около Дубно (Зак. Укр.)
Ukrajna	Украина	4	Украина)	с. Чанкопопи, р-н Берег, Венгрия (Закарпатск. Украина)
Ukrajna	Украина	4	Украйн.	г. Рафайлова, р-н Берег, Закарп. Украйн.
Ukrajna	Украина	4	Украина)	г. Унгвар, Венгрия (Закарп. Украина)
Ukrajna	Украина	4	Украйн.	г. Мункач, Карп. Украйн.
Ukrajna	Украина	3	УСССР	г. Станислав, в р-не с. Нажелевка, Станислав. обл., УСССР
Ukrajna	Украина	2	Украиной	с. Галог, окр. Унелохоу, за Карпатск. Украиной
Ukrajna	Украина	2	УСР	Цимряк, УСР
Ukrajna	Украина	2	Укра.	с. Япошово, Зак. Укра.
Ukrajna	Украина	2	Украиной	д. Батсен, р-н Мукачевский, под Карп. Украиной
Ukrajna	Украина	2	Украйне	г. Июдинов в Украйне
Ukrajna	Украина	1	Укр, ССР	д. Баложир, окр. Береговский, Закарпатск. обл. (с 1944 г. Закарпатск. Укр, ССР)
Ukrajna	Украина	1	Укр. ССС	с. Мезыкасонь, р-н Береговский, Зак. Укр. ССС
Ukrajna	Украина	1	Укр. СССР	д. Гат, р-н Мукачево, Закарпатск. обл., Венгрия (Закарпатск. Укр. СССР)
Ukrajna	Украина	1	У.С.С.Р.,	У.С.С.Р., обл. Прикорпацкая, с. Бадало, № 241
Ukrajna	Украина	1	Укайна	Бене, Закарп., Укайна
Ukrajna	Украина	1	Укр-на	фекета Аркад, р-н Соболч, обл. Угога, Венгрия, Закарп. Укр-на
Ukrajna	Украина	1	Укр[...]	обл. Берег, с. Батш, ул. Вошерт, № 263, Закр. Укр[...]
Ukrajna	Украина	1	Украи	г. Берегваре, обл. Берегово, Заварат Украи
Ukrajna	Украина	1	Украинец	Зап Украинец
Ukrajna	Украина	1	Украйния	г. Вирава, обл. Селилих, Карпат. Украйния
Ukrajna	Украина	1	Укранина	Сернье, № 29, р-н Мукачево, Закарп. Укранина
Ukrajna	Украина	1	Укрн.	ст. Гат, р-н Берк, обл. Бэрек са[…], Закарпедск. Укрн.
Ukrajna	Украина	1	УРК	арестован, из г. Леопи, Зоп. УРК
Ukrajna	Украина	1	УССР)	д. Розолька, Польша (около г. Делятина, Станиславская обл., УССР)
Ukrajna	Украина	1	Украини	с. Сюрте, Западн. Украини
Ukrajna	Украина	1	Украинская	интернирован, г. Чон, Закарпат. Украинская
Besszarábia	Бессарабия	0	Бессарабия	scripts/extract_location_parts.py
Bulgária	Болгария	0	Болгария	scripts/extract_location_parts.py
Galícia	Галиция	0	Галиция	scripts/extract_location_parts.py
Dánia	Дания	0	Дания	scripts/extract_location_parts.py
Szilézia	Силезия	0	Силезия	scripts/extract_location_parts.py
Szlovákia	Словакия	0	Словакия	scripts/extract_location_parts.py
Csehszlovákia	Чехословакия	0	Чех.	scripts/preextract.py
Szlovákia	Словакия	0	Словакии	scripts/preextract.py
Szlovákia	Словакия	0	Словак.	scripts/preextract.py
Románia	Румыния	0	Рум.	scripts/preextract.py
