359122	hly	венгрия		orosz	
311756	hly	г.		orosz	
306087	hly	с.		orosz	
233850	hly	обл.		orosz	
143313	hly	д.		orosz	
117387	hly	р-н		orosz	
109909	ker	иштван	istván		
104400	ker	янош	já n o s		
64863	hly	окр.		orosz	
64148	ker	ференц	ferenc		
63574	hly	будапешт	budapest		
63252	hly	ул.		orosz	
58400	ker	шандор	sándor		
41271	hly	интернирован		orosz	
38775	ker	иозеф	j ó zs e f		jóZef
36744	ker	януш	já n o s		
36178	ker	юзеф	jó zs e f		jóZef
34680	ker	имре	imre		
33924	hly	чехословакия		orosz	
33768	hly	австрия		orosz	
33451	hly	пешт	pest		
28409	ker	иожеф	j ó zs e f		jóZef
26413	ker	ласло	l á sz l ó		láSló
22079	ker	андраш	andrás		
21999	hly	уезд		orosz	
21858	hly	румыния		orosz	
20396	ker	мигай	m i h á ly		miháL
20363	ker	пал	pál		... lehetne így
16379	ker	лайош	lajos		
15287	hly	в		orosz	
13481	ker	де р дь	gyö r gy		amit lehet, tartsuk egybe?
13324	hly	губ.		orosz	
12846	ker	южеф	jó zs e f		
12806	ker	михай	m i h á ly		
12316	vez	ковач	k o v á ch|cs|ts		
11641	hly	трансильвания		orosz	
11618	ker	к а р о ль	k á r o ly		
10753	ker	дю л а	gyu l a		
10745	hly	ваш	vas		
10611	ker	петер	péter		
10502	ker	дю л о	gyu l a		
10080	hly	венгр.		orosz	
9968	ker	габор	gábor		
9544	ker	лаеш	l a jo s		
9161	hly	золо	zala		
8744	hly	солнок	sz o l n o k		Solnok
8496	vez	киш	k i s|ss		
8494	vez	сабо	sz a b ó		Sabó
8328	ker	карой	k á r o ly		károL
8163	ker	миклош	miklós		
7990	ker	иосиф	j ó zs e f		joszif???
7882	ker	мартон	márton		
7607	hly	ш о м о дь	s o m o gy		
7567	ker	антон	anton		antal???
7187	hly	бигор	bihar		
7005	hly	р-не		orosz	
6999	ker	ференс	ferenc		
6971	hly	грац	graz	német	
6866	vez	н о дь	n a gy		
6704	hly	вош	vas		
6375	vez	тот	t ó t|th		
6316	hly	чик	cs í k		Fík
6220	hly	чонград	cs o n g r á d		Fongrád
6179	hly	будопешт	budapest		
6120	hly	комаром	komárom		
5965	ker	антол	antal		
5917	vez	хорват	h o r v á t|th		
5744	hly	берег	bereg		
5643	hly	чехослов.		orosz	
5555	ker	андрош	andrás		
5471	ker	бела	béla		
5351	ker	ондраш	andrás		
5324	hly	буда	buda		
5320	ker	калман	kálmán		
5185	ker	георг	georg		györgy???
5036	hly	шопрон	sopron		
4992	ker	б ей л о	béla		
4976	hly	бекеш	békés		
4954	hly	гевеш	heves		
4866	hly	меде		nemkell	-меде
4854	hly	кр.		orosz	
4844	vez	н а дь	n a gy		
4749	hly	боршод	borsod		
4698	ker	м и г а ль	m i h á ly		
4687	hly	сотмар	sz a t m á r		Satmár
4610	ker	антал	antal		
4561	hly	югославия		orosz	
4472		м и х а ил	m i h á ly		mihail???
4426	ker	лаюш	l a jo s		
4028	hly	с о б о ль ч	sz a b o l cs		
3980	hly	хевеш	heves		
3976	ker	м и х а ль	m i h á ly		
3953	hly	германия		orosz	
3915	hly	зола	zala		
3876	hly	земплин	zemplén		
3810	ker	лоюш	l a jo s		
3757	vez	молнар	molnár		
3733	ker	а ль б е р т	albert		
3627	hly	зала	zala		
3621	hly	около		orosz	
3489	ker	адам	ádám		
3388	hly	у.		orosz	
3385	ker	карл	karl		károly???
3342	hly	н ов г р а д	nógrád		
3335	hly	польша		orosz	
3333	ker	лойош	lajos		
3308	ker	игнац	ignác		
3289	ker	лоеш	l a jo s		
3213	hly	эстергом	e sz t e r g o m		eStergom
3190	hly	весприм	v e sz p r é m		veSprém stb...
3156	hly	дебрецен	debrecen		
3154	vez	варга	v a r g|gh a		
3094	hly	словакия		orosz	
3082	hly	км		orosz	
3076	hly	м.		orosz	
3017	hly	п о ж о нь	p o zs o ny		poZoN
2987	hly	пр.		orosz	
2983	hly	сатмар	sz a t m á r		
2911	hly	с а б о ль ч	sz a b o l cs		
2903	ker	г ей з о	g é z a		
2902	ker	золтан	zoltán		
2894	ker	м а тя ш	m á tyá s		
2881	ker	франц	franz	német	ferenc???
2857	hly	ш о п р о нь	sopron		
2768	hly	толно	tolna		
2744	hly	фегир	f e j|h é r		
2709	ker	винце	vince		
2590	ker	стефан	stefan	német	istván???
2481	ker	п а ль	pál		
2434	hly	с и л а дь	sz i l á gy		
2431	ker	дье р дь	gyö r gy		
2428	ker	балинт	bálint		
2387	hly	б ей к е ш	békés		
2323	hly	арестован		orosz	
2314	vez	немет	n é m e t|th		
2313	hly	толна	tolna		
2311	hly	пров.		orosz	
2262	hly	о.		orosz	
2246	ker	штефан	stefan	német	istván???
2240	hly	от		nemkell	ez mi?
2216	ker	йожеф	j ó zs e f		
2209	ker	якоб	ja k a b		
2195	hly	сегед	sz e g e d		
2186	hly	м и ш к о ль ц	miskolc		
2184	hly	хойду	hajdú		
2161	hly	хайду	hajdú		
2157	ker	ежеф	jó zs e f		
2145	ker	к а ль м а н	kálmán		
2142	vez	шимон	simon		
2133	vez	токач	t a k á ch|cs|ts		
2117	ker	элек	elek		
2098	hly	т о ль н о	tolna		
2097	ker	л а с л ов	l á sz l ó		
2090	ker	иван	iván		
2084	ker	бело	béla		
2069	ker	п а у ль	paul		pál???
2062	hly	унг	ung		
2059	ker	жигмонд	zs i g m o n d		
2044	hly	эгер	eger		
2038	vez	варго	v a r g|gh a		
2032	vez	т оу т	t ó t|th		
1998	hly	на		orosz	
1996	hly	де р	győ r		?????
1995	hly	братислава		cs/sz	
1939	hly	мошон	moson		
1933	ker	к о р о ль	k á r o ly		
1916	hly	коложвар	k o l o zs v á r		
1878	hly	с о ль н о к	sz o l n o k		
1874	ker	георгий	georgij		georg??? györgy???
1867	ker	тибор	tibor		
1863	hly	ноград	nógrád		
1851	ker	густав	g u sz t á v		
1850	vez	поп	p a|o p|pp		
1800	hly	чонад	cs a n á d		
1788	ker	петр	petr		peter??? péter???
1776	vez	балог	b a l o g|gh		
1771	ker	иозиф	j ó zs e f		
1764	ker	южев	jó zs e f		
1736	vez	горват	h o r v á t|th		
1733	ker	эндре	endre		
1730	hly	украина		orosz	
1724	hly	гемер	g|cs e|ö m e|ö r		
1717	ker	карол	k á r o ly		
1684	ker	павел	pável		pavel??? pál???
1678	ker	геза	géza		
1676	ker	андрей	andrej		andrás???
1645	hly	б у д а п е ш та	budapest		
1629	ker	р у д о ль ф	rudolf		
1621	hly	венгрии		orosz	
1606	hly	ужгород		orosz	
1575	ker	онтол	antal		
1570	ker	б ей л а	béla		
1569	hly	бихор	bihar		
1558	hly	арад	arad		
1556	ker	деже	d e zs ő		
1554	hly	земплен	zemplén		
1551	vez	югас	ju h á sz		
1538	hly	край		orosz	
1535	hly	кечкемет	k e cs k e m é t		
1533	vez	вереш	v e|ö r e|ö s|ss		
1529	vez	н ей м е т	német		
1516	ker	томаш	tamás		
1512	hly	гайду	hajdú		
1506	ker	арпад	árpád		
1499	ker	г ей з а	géza		
1499	ker	м а р ия	m á r ia		
1490	vez	фекете	fekete		
1484	ker	балинд	bálint		
1480	ker	бертолон	bertalan		
1478	ker	иосеф	j ó zs e f		
1472	hly	саболч	sz a b o l cs		
1468	hly	берек	b e r e g|k		
1457	hly	сегет	sz e|i g e d|t		
1457	ker	дё р дь	gyö r gy		
1450	ker	лаиош	lajos		
1449	hly	чехосл.		orosz	
1440	vez	ворго	v a r g|gh a		
1437	vez	форкош	farkas		
1421	vez	м о ль н а р	molnár		
1413	ker	нандор	nándor		
1404	vez	гал	g aá|á l		
1398	ker	михал	m i h á ly		
1397	ker	лаёш	l a jo s		
1378	ker	а н т о ль	antal		
1377	hly	станислав		orosz	
1374	hly	укр.		orosz	
1358	hly	под		orosz	
1353	hly	бигар	bihar		
1352	ker	денеш	dénes		
1352	hly	острогожск		orosz	
1339	hly	веспрем	v e sz p r é m		
1335	hly	б а р а ня	b a r a nya		
1334	vez	т ов т	t ó t|th		
1325	hly	абауй	abaúj		
1322	ker	в и ль м о ш	vilmos		
1306	hly	унгвар	ungvár		
1303	ker	истван	istván		
1293	ker	виктор	viktor		
1292	hly	берегово		orosz	
1290	ker	и ов ж е ф	j ó zs e f		
1280	hly	м о ш о нь	moson		
1274	hly	р.		orosz	
1272	ker	иожев	j ó zs e f		
1267	ker	ласлу	l á sz l ó		
1259	vez	рац	r á c|cz|tz		
1253	ker	йозеф	j ó zs e f		
1249	hly	фегер	f e j|h é r		
1249	vez	силади	sz i l á gy i		
1240	ker	миклуш	miklós		
1238	ker	ши т в а н	is t v á n		
1234	ker	ян	já n		???
1233	hly	уйпешт	újpest		
1233	hly	н о дь	n a gy		
1232	ker	шондор	sándor		
1231	ker	де р ть	gyö r gy		
1219	ker	шандур	sándor		
1204	vez	пап	p a|o p|pp		
1203	hly	торда	torda		
1194	vez	биро	b i|í r ó		
1191	hly	дю р	győ r		
1179	vez	фаркаш	farkas		
1178	hly	венг.		orosz	
1178	ker	александр	a l e k sz a n d r		???
1176	vez	лукач	l u k á cs		
1167	ker	гашпар	gáspár		
1164	hly	чехословак.		orosz	
1159	vez	фодор	fodor		
1153	hly	вена		orosz	
1145	ker	гергей	g e r g e ly		
1144	hly	соболч	sz a b o l cs		
1132	hly	пештмеде		nemkell	-меде
1128	ker	эрне	ernő		
1121	ker	генрих	henrik		
1116	vez	к о ч и ш	k o cs|ts i s		
1109	hly	будо	buda		
1098	vez	пал	p aá|á l		
1097	hly	ст.		orosz	
1089	ker	иоган	j o h a n|nn	német	
1082	ker	б а л а ш	b a l á zs		
1082	hly	зак.		orosz	
1078	ker	габур	gábor		
1066	hly	близ		orosz	
1064	hly	колошвар	k o l o zs v á r		
1061	ker	в е н д е ль	vendel		
1054	hly	бекиш	békés		
1046	hly	у		orosz	
1040	ker	лайеш	lajos		
1034	vez	мартон	márton		
1016	hly	б о р о ня	b a r a nya		
999	vez	ласло	l á sz l ó		
995	vez	шипош	sipos		
992	vez	шандор	sándor		
983	hly	гойду	hajdú		
979	vez	пинтер	pintér		
975	hly	боршот	borsod		
972	hly	сексард	sz e k sz á r d		
956	ker	анна	anna		
949	hly	ни т р а	nyi t r a		
943	hly	дю л о	gyu l a		
934	hly	бихар	bihar		
925	ker	п ей т е р	péter		
913	ker	езеф	jó zs e f		
906	hly	обоуй	abaúj		
905	hly	трансильв.		orosz	
886	hly	бач	b á cs		
885	hly	б ей к и ш	békés		
883	ker	иштвон	istván		
882	vez	орос	o r o sz		
875	hly	серенч	sz e r e n cs		
874	hly	ш а м о дь	s o m o gy		
870	hly	сент	sz e n t		
854	ker	и ш т в а	i s t v án		
850	ker	п аа л	p aá|á l		
847	ker	вендел	vendel		
846	hly	ш о м о ть	s o m o gy		
845	hly	дону		orosz	
837	vez	терек	török		
831	ker	а н т а ль	antal		
827	ker	еужеф	j ó zs e f		
827	ker	имра	imre		
823	hly	сентеш	sz e n t es		
822	vez	якоб	ja k a b		
818	vez	с о б ов	sz a b ó		
815	hly	т о ль н а	tolna		
809	hly	братислав		cs/sz	
802	ker	степан	stefan		sztyepan??? istván???
801	ker	дежи	d e zs ő		
800	hly	мукачево		orosz	
789	vez	келемен	kelemen		
787	hly	ченград	cs o n g r á d		
782	hly	дё р	győ r		
781	hly	зало	zala		
775	ker	мартын	martin		márton???
773	ker	било	béla		
768	ker	игнат	ignác		
767	hly	кишпешт	kispest		
767	hly	комаро	k o m á r om		
764	vez	борош	boros		
760	ker	даниел	dániel		
760	vez	с а б ов	sz a b ó		
759	hly	удворгей	u d v a r h e ly		
757	vez	болог	b a l o g|gh		
755	ker	л а е шь	l a jo s		
752	ker	колман	kálmán		
752	vez	винце	vince		
749	vez	петер	péter		
747	ker	иванович		orosz	-ович
746	hly	бачбодрок	b á cs- b o d r o g		kötjel?
745	hly	марошторда	m a r o s- t o r d a		kötjel?
742	hly	мороштордо	m a r o s- t o r d a		kötjel?
740	hly	вблизи		orosz	
740	ker	андор	andor		
739	ker	э м и ль	emil		
738	vez	ваш	v a s|ss		
731	hly	чанад	cs a n á d		
729	ker	м а тя ж	m á tyá s		
728	ker	пол	pál		
723	hly	ф е е р	f e jé|hé r		
723	ker	ион	jon		jan, ján???
721	ker	мартин	martin		márton???
715	hly	познань		orosz	
713	hly	австр.		orosz	
713	hly	комарум	komárom		
709	ker	з о ль т а н	zoltán		
707	ker	эржибет	e r zs é b e t		
704	ker	д ей н е ш	dénes		
703	hly	киш	kis		
700	hly	удваргей	u d v a r h e ly		
698	hly	медя		nemkell	-меде
698	ker	д а н и е ль	dániel		
694	hly	пешт-меде		nemkell	-меде
694	ker	гезо	géza		
691	hly	тордо	torda		
685	hly	коломия		orosz	
683	hly	чср		orosz	???
683	hly	сл.		orosz	
682	hly	б о р о не	b a r a nya		
678	hly	торно	torna		
675	hly	шапрон	sopron		
673	hly	станислава		orosz	
672	hly	н а дь	n a gy		
667	ker	шимон	simon		
664	hly	шарвар	sárvár		
662	vez	ш м и д т	sch m i d|t t	német	magyar név lehet
659	ker	давид	dávid		
658	vez	орбан	orbán		
654	vez	деак	deák		
652	hly	морош	maros		
651	ker	отто	ottó		
649	hly	весприн	v e sz p r é m		
648	ker	иосифович		orosz	-ович
642	vez	м ей с а р о ш	m é sz á r o s		
637	hly	турда	torda		
637	hly	марош	maros		
637	vez	ш о м о ди	s o m o gyi		
636	hly	мункач	m u n k á cs		
634	hly	ород	arad		
632	ker	лю д в и г	lu d w i g	német	németes
632	hly	сабоч	sz a b á|ol cs		
630	ker	лукач	l u k á cs		
630	hly	элек	elek		
629	ker	м и к л оу ш	miklós		
628	hly	ни т р о	nyi t r a		
628	vez	собо	sz a b ó		
627	hly	поличка		cs/sz	???
627	hly	колож	kolozs		
627	hly	н оу г р а д	nógrád		
627	vez	сюч	sz ű cs		
624	hly	комарно		cs/sz	
623	hly	угоча	u g o cs a		
622	hly	иванц			???
617	hly	дю л а	gyu l a		
616	hly	н о дь в а р о д	n a gy v á r a d		
608	ker	юзефович		orosz	-ович
608	ker	балаж	b a l á zs		
606	hly	чехия		orosz	
606	vez	балинт	bálint		
605	hly	бачбодрог	b á cs- b o d r o g		
604	hly	бачка	b á cs k a		
601	hly	вишк	visk		
601	vez	олах	oláh		
601	vez	ференц	ferenc		
600	vez	керекеш	kerekes		
598	ker	жигмунд	zs i g m o n d		
598	hly	п ей ч	p é cs		
598	hly	вац	vác		
597	hly	кюстрин		orosz	
597	ker	ондрош	andrás		
596	vez	деметер	d e|ö m e|ö t e|ö r		
592	hly	харомсек	h á r o m sz é k		
591	hly	бая	b a ja		
591	hly	клуж		román	
590	ker	яне			???
584	hly	сатумаре		román	
579	vez	сас	sz á sz		
577	vez	томаш	tamás		
575	hly	п о ж а нь	p o zs o ny		
575	hly	колош	k o l o zs		
572	hly	к.		orosz	
569	hly	закарпатская		orosz	
567	vez	вош	v a s|ss		
566	vez	кун	kun		
565	hly	штаер		német	???
565	vez	давид	dávid		
563	hly	мако	makó		
562	vez	месарош	m é sz á r o s		
557	vez	новак	novák		
555	hly	б у д а п е ш те	budapest		
555	ker	лосло	l á sz l ó		
555	vez	пастор	p á sz t o r		
554	hly	из		orosz	
553	hly	фе			???
553	vez	боднар	bodnár		
553	vez	такач	t a k á ch|cs|ts		
552	ker	иштванович		orosz	-ович
551	ker	имря	imre		
551	ker	г е р г е ль	g e r g e ly		
549	hly	австрии		orosz	
549	vez	кирай	k i r á ly		
544	ker	матиас	m a th i a s	német	mátyás???
543	hly	кечкемит	k e cs k e m é t		
543	ker	я н о шь	já n o s		
542	hly	бл.		orosz	
542	vez	сыч	sz ű cs		
538	hly	карпаты			??? (utca)
537	ker	михайлович		orosz	-ович
537	ker	зигмунд	zs i g m o n d		
532	ker	м а тья ш	m á tyá s		
532	hly	де н де ш	gyö n gyö s		
530	hly	монор	monor		
528	hly	меди		nemkell	-меде
526	vez	дудаш	dudás		
523	hly	печ	p é cs		
521	ker	питер	péter		
520	hly	берексас	b e r e g sz á sz		
516	ker	домокош	d o m o|on k o s		
512	hly	америка	amerika		
510	ker	лоренц	lorenz	német	lőrinc???
507	hly	сторожевое		orosz	
505	hly	усср		orosz	
504	vez	гуяш	g u lyá s		
502	hly	рум.		orosz	
502	vez	богнар	bognár		
502	vez	урбан	o|u r b á n		
499	ker	болаш	b a l á zs		
497	ker	берталон	bertalan		
494	vez	фаркош	farkas		
493	ker	мозеш	mózes		
493	hly	б о р ш о дь	borsod		
493	hly	миклош	miklós		
492	hly	касторное		orosz	
491	hly	фехер	f e j|h é r		
491	vez	сабу	sz a b ó		
490	ker	юзев	jó zs e f		
489	ker	юла	gyu l a		
489	vez	немеш	nemes		
488	hly	комором	komárom		
485	vez	маер	m a je|ye r	német	
484	vez	барта	barta		
482	hly	оскол			???
482	hly	чех.		orosz	
482	hly	б а р а нья	b a r a nya		
478	hly	коломея		orosz	
478	ker	антонович		orosz	-ович
478	vez	балаш	b a l á zs		
476	ker	элемир	elemér		
474	hly	б а р о ня	b a r a nya		
474	ker	янушевич		orosz	-ович
474	vez	форкаш	farkas		
473	ker	ишван	i st v á n		
473	ker	флориан	flórián		
472	hly	де р дь	gyö r gy		
471	vez	гашпар	gáspár		
470	ker	корой	k á r o ly		
469	ker	карай	k á r o ly		
468	hly	сарваш	sz a r v a s		
467	ker	роберт	róbert		
466	ker	янаш	já n o s		
464	hly	брно		cs/sz	
464	ker	д а н и э ль	d á n i e l		
464	ker	реже	r e zs ő		
462	vez	юхас	ju h á sz		
461	vez	миклош	miklós		
460	hly	тольномедия		nemkell	-меде
459	ker	дю р дь	gyö r gy		
459	vez	секереш	sz e k e r e s		
458	ker	эде	ede		
458	hly	русь			???
457	ker	агоштон	ágoston		
457	vez	добош	dobos		
456	hly	б у д в ай с	b u d w ei s	német	
455	hly	ш о ль т	solt		
455	vez	виг	v i|í g|gh		
454	hly	чоп	cs a p		
454	vez	майор	major		
453	ker	а д о ль ф	adolf		
453	hly	де рь	győ r		
452	ker	алберт	albert		
452	vez	фегир	f e j|h é r		
451	vez	санто	sz á n t ó		
450	vez	пушкаш	puskás		
448	hly	феир	f e jé|hé r		
448	hly	острогорск		orosz	
447	ker	николай		orosz	
443	hly	собоч	sz a b á|ol cs		
442	hly	кошут	k o s|ss u|ú t|th		
442	hly	шопром	sopron		
440	hly	п е ш та	pest		
439	ker	вилмош	vilmos		
438	ker	б е лл а	b e|é l|ll a		
438	ker	арпат	árpád		
438	hly	закарп.		orosz	
436	ker	ф р и де ш	f r i gye s		
435	hly	хонт	hont		
435	hly	будапештская		orosz	-ская
435	hly	дье р	győ r 		
434	vez	сич	sz ű cs		
434	vez	мюллер	müller		
433	hly	главная		orosz	
433	hly	николаевка		orosz	
430	vez	балаж	b a l á zs		
425	hly	писек			???
425	hly	базин			???
424	vez	балок	b a l o g|gh		
420	ker	амбруш	ambrus		
418	hly	золомеде		nemkell	-меде
413	vez	вагнер	v|w a|á g n e r	német	
410	ker	лойуш	lajos		
410	hly	трансильван.		orosz	
408	hly	ярош	já n o s	 	???
407	hly	чехословакии		orosz	
406	ker	юлиус	ju l i u s	német	
401	hly	прага	prága		
401	vez	вираг	virág		
399	ker	иу ж е ф	jó zs e f		
399	vez	куруц	k u r u c|cz		
398	vez	ференци	f e r e n c|cz i|y		
397	ker	имрэ	imre		
396	hly	близь		orosz	
396	vez	бодо	bodó		
395	hly	бачко	b á cs k a		
393	ker	эден	ödön		
393	vez	фабиан	fábián		
392	hly	линц	linz	német	
392	hly	брук	b r u ck	német	
390	hly	румын.		orosz	
389	hly	угочо	u g o cs a		
389	hly	унтергайд	unterhaid	német	???
389	hly	муреш		román	
387	vez	маркуш	márkus		
385	hly	бичке	b i cs k e		
383	hly	герм.		orosz	
383	vez	ач	á cs		
382	hly	ш а п р о нь	sopron		
382	vez	конц	k o n c|cz		
379	hly	братиславль		cs/sz	
379	ker	ш а м у э ль	sámuel		
376	hly	соотмарская		orosz	-ская
375	hly	сентготхард	sz e n t g o tt h á r d		
374	ker	м и г о ль	m i h á ly		
372	hly	по			
370	hly	возле			
370	hly	х.			
369	hly	дуновече			
367	hly	пизек			
367	ker	мартун			
367	hly	медье			
367	vez	козма			
363	hly	воронежской			
363	vez	габор			
361	ker	эрно			
360	ker	павлович			
360	hly	бестерце			
359	hly	токай			
358	hly	хуст			
358	vez	папп			
354	ker	андреевич			
354	hly	чунград			
353	ker	яношевич			
350	hly	абоуй			
349	hly	фейер			
349	vez	чех			
348	ker	петрович			
348	hly	папа			
348	hly	унтергайт			
348	hly	зап.			
348	hly	дердю			
347	hly	чанград			
347	hly	воронежская			
347	hly	дунавече			
344	vez	хайду			
342	ker	яков			
341	hly	чук			
340	hly	капошвар			
340	ker	михаи			
340	ker	дьюла			
339	hly	брюн			
338	hly	обонь			
337	hly	веспри			
336	hly	сатумары			
336	hly	дубно			
334	hly	абонь			
334	hly	папо			
334	hly	маку			
333	hly	озд			
331	hly	чиксереда			
331	hly	фехир			
330	ker	онтоль			
330	hly	мезетур			
329	hly	земпли			
328	ker	еужев			
328	hly	харта			
328	hly	бороньо			
326	vez	амбруш			
325	vez	фишер			
324	ker	паул			
323	hly	печь			
323	hly	месту			
323	hly	старый			
321	hly	карей			
320	hly	эрд			
320	vez	фазекаш			
319	ker	деордь			
318	vez	тури			
317	hly	берексаз			
317	hly	цеглед			
317	vez	гергей			
316	hly	галиция			
316	hly	жительства			
314	vez	фозекош			
313	hly	провинция			
313	hly	сатумари			
312	hly	сентфлориан			
312	hly	гута			
312	vez	фегер			
311	hly	копошвар			
308	hly	сойва			
307	hly	дорог			
306	hly	пусто			
305	ker	роза			
305	vez	мадяр			
304	ker	лайуш			
303	ker	яно			
302	hly	берегсас			
302	ker	мигой			
301	hly	фагир			
301	ker	пааль			
300	hly	арпад			
300	ker	шамуел			
300	hly	пожон			
299	hly	дюер			
299	vez	сокач			
298	ker	дежу			
298	hly	хайош			
298	vez	фюлеп			
297	hly	ниредьхазо			
296	hly	надьканижа			
296	hly	ч-словакия			
295	vez	шнайдер			
292	hly	кошица			
292	vez	лазар			
290	hly	энинг			
290	hly	п.			
290	vez	берец			
289	ker	янович			
288	hly	береч			
288	ker	михаель			
287	ker	лоешь			
285	ker	венцель			
285	ker	ольберт			
284	hly	янош			
282	hly	вестприм			
281	vez	альберт			
278	ker	лоёш			
277	hly	ракоци			
277	ker	изеф			
277	hly	эрчи			
276	hly	дунафельдвар			
275	hly	деречке			
275	vez	бенце			
275	vez	майер			
274	hly	воронеж.			
270	hly	будопешта			
270	vez	гуляш			
267	ker	георгиевич			
267	hly	кечкемед			
266	ker	гизо			
266	hly	дания			
266	ker	дьордь			
263	ker	михайл			
262	ker	леринц			
262	hly	эгри			
262	vez	хойду			
261	hly	обауй			
260	hly	чепель			
260	hly	паркань			
259	hly	бистрица			
257	vez	дердь			
256	hly	эржибет			
256	ker	яну			
256	ker	михель			
256	vez	галь			
254	ker	шамуель			
254	vez	борбей			
254	vez	кираль			
253	vez	маты			
251	hly	силезия			
251	hly	фрайштадт			
250	hly	ижак			
249	hly	бач-бодрог			
249	ker	василий			
249	hly	воронеж			
248	hly	эстергон			
247	ker	степанович			
245	ker	эрны			
245	hly	сенц			
245	ker	дьёрдь			
245	ker	шандорович			
244	vez	болаж			
244	vez	кульчар			
243	hly	поросло			
243	ker	жигмонт			
243	ker	елизавета			
243	vez	леринц			
242	hly	зента			
242	ker	юзиф			
242	ker	болдижар			
242	ker	мотяш			
242	vez	часар			
241	hly	будафок			
240	hly	пеш			
240	ker	лазарь			
240	hly	вошь			
240	hly	нодьконижо			
240	vez	хегедуш			
239	hly	чикмеде			
239	ker	лайаш			
238	hly	фельдбах			
237	ker	иужев			
236	ker	юзеф.			
236	vez	элек			
236	hly	девечер			
236	vez	фабиян			
235	vez	холас			
234	hly	ч/словакия			
233	ker	карлович			
232	ker	юло			
230	hly	унч			
230	hly	феут			
230	vez	вайда			
230	vez	матей			
229	hly	чаквар			
229	ker	болаж			
229	hly	часартультыш			
229	hly	ясберень			
229	hly	могач			
228	hly	эстерго			
228	hly	эдек			
228	vez	мадьяр			
227	ker	поль			
227	ker	йовжеф			
227	hly	фё			
227	vez	пете			
226	ker	элемер			
225	hly	кирай			
225	ker	ференцович			
224	ker	эрнст			
224	vez	лацко			
223	hly	сомбатхей			
223	hly	поличко			
223	hly	дерцен			
223	vez	палфи			
223	vez	попп			
222	ker	янушович			
222	ker	йосиф			
221	ker	лоринц			
221	hly	кошице			
220	ker	стефанович			
220	vez	салай			
219	hly	кондензово			
219	vez	чордаш			
218	ker	федор			
218	vez	рожа			
218	vez	чики			
217	ker	адамович			
217	hly	фельбах			
216	hly	хонд			
216	hly	зирц			
216	vez	кох			
215	hly	цеглид			
214	ker	матияш			
213	vez	уйвари			
212	hly	чемер			
211	hly	дебрецень			
210	vez	чаки			
209	hly	земилин			
208	vez	федор			
208	vez	чикош			
207	vez	шефер			
206	vez	берецки			
206	vez	франк			
205	hly	фей			
205	hly	фю			
205	vez	фехер			
205	vez	филип			
204	ker	ежев			
204	hly	цико			
204	ker	дырдь			
204	vez	мигай			
203	hly	батю			
203	vez	филеп			
202	hly	каплиц			
202	ker	михой			
202	ker	михаиль			
201	vez	гофман			
201	vez	чик			
200	ker	юлия			
200	hly	уйкечке			
200	hly	уй			
200	hly	могошфок			
200	ker	иовжер			
200	vez	фееш			
200	vez	шварц			
199	hly	ференц			
199	hly	дунайская			
198	ker	енё			
197	hly	орошхазо			
197	ker	янос			
197	vez	козак			
197	vez	ковачь			
197	vez	фараго			
196	ker	венцел			
196	vez	эрдей			
193	vez	секей			
192	hly	молоцки			
191	hly	фрайштат			
190	ker	июзеф			
188	ker	яношович			
188	ker	эне			
188	vez	матяш			
187	hly	нодьконижа			
187	ker	ены			
186	hly	хотван			
186	hly	виз			
185	hly	удвархей			
185	hly	золоэгерсек			
185	ker	фердинанд			
184	hly	бейч			
183	hly	лейбниц			
183	ker	эржебет			
183	hly	свалява			
182	hly	яраш			
182	hly	мадяр			
182	hly	кенигрец			
182	ker	эрни			
181	ker	иштфан			
181	ker	режи			
180	hly	воронежа			
180	ker	янош (януш)			
180	hly	сенготхард			
180	hly	карпатах			
180	vez	хусар			
179	hly	корцог			
179	hly	архангельское			
179	hly	чехославакия			
179	hly	валлой			
179	hly	сомботхей			
179	vez	модяр			
177	ker	розалия			
177	ker	бийло			
177	ker	дюлла			
177	ker	дежё			
176	ker	дежо			
175	hly	надьконижа			
175	hly	новая			
175	hly	феуца			
175	vez	халас			
174	hly	турзовка			
174	vez	лазарь			
173	hly	боя			
173	ker	лойеш			
173	ker	дежив			
173	ker	иосифовна			
172	hly	гюмер			
172	hly	мария			
172	ker	хенрих			
172	hly	уйворош			
171	ker	михаэль			
171	hly	новый			
171	vez	хеди			
170	vez	козмо			
169	ker	феранц			
169	hly	генц			
169	vez	гайду			
169	vez	эрден			
168	hly	грайсвальд			
168	hly	буй			
168	hly	мишколц			
168	vez	мезей			
167	hly	одоргей			
167	ker	еожеф			
167	hly	быстрица			
167	hly	хоромсек			
167	hly	мезетерем			
166	hly	касторная			
166	hly	унтерхайд			
166	hly	секешфехервар			
166	ker	матей			
166	vez	деяк			
165	hly	нодькарой			
165	ker	иозефович			
165	vez	михай			
164	hly	уйварош			
163	ker	золтон			
163	hly	минцент			
163	vez	хегедюш			
162	ker	жигмон			
162	hly	хазо			
162	hly	як			
162	hly	зенто			
162	hly	эстергум			
162	hly	зомбор			
161	ker	эрвин			
161	hly	рацкеве			
161	hly	границе			
161	hly	рожнев			
161	ker	терезия			
160	ker	лазар			
160	ker	иошеф			
159	hly	таня			
159	hly	дебрецин			
159	hly	яслодань			
159	hly	закарпат.			
159	ker	францевич			
158	hly	кестхей			
158	hly	дунофельдвар			
158	vez	штефан			
156	hly	югослав.			
156	hly	станиславская			
156	vez	ямбор			
155	hly	мезуйбери			
155	hly	эсень			
154	hly	фешр			
154	hly	суботица			
154	hly	пожень			
154	vez	фазекош			
154	vez	форгач			
153	hly	эстергам			
152	ker	янушь			
152	ker	ёжеф			
151	ker	фридрих			
151	vez	яноши			
150	hly	зомбо			
150	hly	добоз			
150	hly	борнхольм			
150	hly	золоэгерсег			
149	hly	луцк			
148	ker	михоль			
148	hly	зололеве			
148	hly	румынии			
148	vez	бузаш			
147	ker	феликс			
147	vez	дебрецени			
147	vez	эрдеи			
146	hly	унгария			
146	hly	лошонц			
146	hly	цеглет			
146	ker	еузеф			
146	hly	уезда			
146	vez	фехир			
146	vez	берецкий			
146	vez	визи			
145	ker	иозев			
145	hly	берегсаз			
145	vez	герцег			
145	vez	хофман			
144	hly	близи			
144	ker	зигмонд			
143	hly	януш			
142	ker	яны			
141	hly	эвеш			
141	hly	цеглит			
141	hly	земплим			
141	vez	харват			
141	vez	херцег			
141	vez	кайзер			
140	hly	сюрте			
139	ker	флориян			
139	hly	канижа			
138	ker	дежю			
138	hly	крац			
137	ker	янушевна			
136	hly	хатван			
136	hly	боронья			
136	vez	инце			
135	hly	дьёр			
134	hly	ясопаты			
134	ker	терез			
134	hly	бухарест			
134	ker	францович			
133	hly	золло			
133	ker	музеш			
133	ker	янус			
133	ker	дюля			
133	vez	элекеш			
132	hly	взят			
130	hly	орошгазо			
130	hly	мадьяр			
130	hly	батоня			
130	hly	золе			
128	ker	михаел			
128	vez	мезеи			
127	hly	кёрменд			
127	ker	дёрть			
127	hly	язберень			
127	ker	мартынович			
127	vez	козьма			
126	ker	людовик			
126	ker	бэла			
126	vez	эрдели			
126	vez	янош			
125	ker	иожер			
125	hly	нодьбаня			
125	ker	ференц.			
125	ker	дюрт			
125	vez	жирош			
125	vez	фридрих			
124	ker	вильмож			
124	vez	крижан			
123	ker	юзефовна			
123	hly	карцаг			
123	ker	дьюло			
123	vez	херман			
122	hly	хеваш			
122	hly	морцоли			
122	hly	бехинь			
122	hly	коломыя			
122	hly	кишкундорожма			
122	vez	шульц			
120	hly	хевешь			
120	hly	кюсек			
120	ker	больдижар			
120	hly	ужгородский			
120	hly	воронежск.			
120	hly	кецел			
120	ker	ферец			
120	vez	фриц			
119	hly	унтерхайт			
119	hly	граць			
119	ker	эрню			
119	hly	чехос.			
119	vez	лоринц			
119	vez	цако			
119	vez	эгри			
118	ker	игнатц			
118	ker	дюлло			
117	hly	ниредьхаза			
117	hly	марцали			
117	ker	эрнё			
117	hly	кецель			
117	hly	добрецен			
117	ker	мотяж			
115	ker	рихард			
115	ker	иожеф (юзеф)			
115	ker	дежев			
114	ker	михайловна			
113	hly	хевешмеде			
113	vez	мерц			
112	ker	мих			
111	vez	мориц			
111	vez	тотх			
111	vez	юнг			
110	hly	харумсек			
109	hly	эгерь			
109	hly	цеце			
108	ker	михаилович			
108	ker	яныш			
107	hly	лайбниц			
107	vez	иожа			
106	hly	хорти			
105	ker	френц			
105	hly	дунакилиты			
105	ker	юшеф			
105	hly	кюсег			
105	hly	эстергош			
105	vez	понграц			
104	ker	юлиана			
104	ker	михайль			
104	hly	топольца			
104	vez	ижак			
103	hly	венчелы			
103	hly	хебеш			
103	hly	кюрменд			
103	ker	ференцевич			
103	hly	нодьканижа			
103	ker	дюле			
103	vez	ваци			
103	vez	жигмонд			
103	vez	игнац			
102	hly	этек			
102	hly	бюк			
102	ker	маты			
102	hly	орошхаза			
102	hly	герцекут			
101	ker	было			
101	hly	базынь			
101	hly	севлюш			
101	ker	элик			
101	hly	берзенце			
101	ker	даниэл			
101	vez	божо			
100	ker	юрий			
100	ker	энив			
99	hly	гроц			
99	ker	хенрик			
99	hly	дёрь			
99	ker	мориц			
99	ker	янё			
99	ker	дюрть			
98	hly	пожони			
98	hly	краснобельтык			
98	vez	мюлер			
98	vez	танцош			
97	hly	между			
97	ker	иожиф			
97	hly	кюрт			
96	ker	жигманд			
96	ker	гюла			
96	hly	же			
95	ker	режу			
95	ker	генрихович			
95	hly	комады			
95	vez	эрдеш			
94	vez	болож			
93	hly	жако			
92	ker	эдуард			
92	hly	тычу			
92	hly	гёмер			
92	vez	жолдош			
91	hly	эсторгом			
90	hly	крым			
90	hly	рожне			
90	ker	лоюшь			
90	hly	эндред			
90	vez	тёрёк			
89	ker	эмил			
88	ker	юзов			
88	hly	ленты			
87	ker	иожеф (иозеф)			
87	vez	кертыс			
86	hly	югосл.			
85	hly	дюлла			
85	ker	дёрд			
85	hly	бодрокюзе			
85	vez	тырык			
84	ker	эрнэ			
83	ker	шамуэл			
83	ker	гюло			
83	vez	сигеты			
82	ker	юра			
82	hly	эчер			
82	hly	кюрмент			
82	vez	божик			
81	hly	южнее			
81	ker	ижеф			
81	ker	болож			
81	hly	эделин			
80	ker	яню			
80	hly	эржебет			
79	ker	иожеф.			
78	hly	экеч			
78	hly	эстерган			
78	hly	кошицы			
77	hly	вены			
77	hly	золаэгерсек			
77	ker	июжеф			
77	ker	юзоф			
77	ker	самуэль			
77	ker	эрнив			
77	ker	дюлович			
77	vez	дюри			
77	vez	лёринц			
76	hly	брюно			
75	ker	южефович			
75	ker	иоужеф			
75	hly	деж			
75	hly	юдино			
75	hly	рожно			
75	vez	дюре			
74	ker	фэрэнц			
74	hly	дюлай			
73	hly	брюнь			
73	hly	братиславы			
73	ker	дынеш			
72	ker	юлий			
72	hly	дюро			
72	ker	иозеф (юзеф)			
72	hly	эрдуэт			
72	vez	бауэр			
72	ker	дежы			
72	vez	матюш			
72	vez	этвеш			
71	ker	юзер			
71	hly	боронё			
71	hly	дюрь			
71	vez	вароды			
71	vez	юнаш			
70	hly	юта			
70	ker	еню			
70	ker	эрну			
69	ker	южефне			
69	hly	эрги			
69	vez	хегедыш			
69	vez	ференцы			
68	ker	юган			
67	hly	сагуны			
67	hly	пэшт			
67	ker	эстер			
67	ker	элег			
67	vez	эреш			
66	hly	делатынь			
66	vez	эри			
65	hly	боё			
65	ker	эмерик			
64	hly	сентэндре			
64	hly	эршекуйвар			
64	hly	залаэгерсег			
64	ker	южеф.			
64	vez	югош			
63	hly	эрде			
63	vez	куты			
62	ker	эмерих			
62	ker	юзеф (иозеф)			
62	ker	эрих			
62	vez	мишкольцы			
61	ker	эржибета			
61	hly	фюлек			
61	hly	эссен			
61	ker	олоюш			
61	vez	фюлен			
60	ker	лаюшь			
60	hly	эстер			
60	hly	гёр			
59	hly	гёмёр			
59	hly	батосык			
59	vez	сёке			
58	hly	эчед			
58	ker	енэ			
58	vez	дёри			
58	vez	эдед			
57	hly	залаэгерсек			
57	hly	границы			
56	hly	ракуцы			
56	hly	эстергомб			
56	ker	эны			
56	hly	ракоцы			
56	ker	бэло			
55	vez	боды			
55	hly	эгерсек			
54	ker	режё			
53	hly	кезды			
53	vez	сегеды			
53	vez	нымет			
52	hly	пешты			
51	hly	раковцы			
51	ker	тыбор			
51	ker	ёзеф			
51	hly	золё			
50	hly	бозынь			
50	hly	урыв			
50	vez	гегедыш			
50	ker	дьырдь			
48	ker	дёрт			
48	hly	дунокилиты			
48	hly	веспрым			
46	hly	игрицы			
46	hly	меды			
46	hly	сучаны			
46	hly	мишкольцы			
46	vez	мартын			
45	hly	яссы			
45	hly	болдыревка			
45	hly	земплын			
45	vez	тёрек			
44	ker	лёринц			
44	vez	дёрдь			
44	ker	еныв			
43	hly	матысолко			
43	hly	дёрдь			
43	ker	давыд			
43	ker	мартыновна			
43	vez	петы			
42	hly	мартын			
41	hly	новые			
41	vez	сёч			
40	vez	дёрфи			
39	hly	отыния			
39	ker	бены			
38	hly	борщево			
38	ker	янушны			
38	hly	делатын			
37	ker	лаёшь			
37	hly	дёма			
37	ker	болдыжар			
36	hly	шомоды			
36	ker	ёужеф			
36	hly	украины			
36	ker	эрныв			
36	vez	петё			
35	hly	дёндёш			
34	hly	кёсег			
34	hly	горы			
34	hly	фы			
34	hly	коломыи			
34	hly	кеспонты			
34	vez	сычь			
33	hly	цыганд			
33	ker	была			
32	hly	буды			
32	hly	кейзды			
32	hly	саболы			
32	hly	кизды			
32	hly	черный			
32	hly	бороньё			
32	vez	матый			
30	hly	чёнград			
29	hly	гращ			
29	hly	шёнроде			
28	hly	дёмо			
28	vez	фюлёп			
27	hly	кёсек			
27	ker	дёже			
25	hly	баранё			
24	ker	алаёш			
24	hly	борщ			
24	hly	течё			
23	hly	ващ			
23	ker	ёожеф			
23	hly	залалёвё			
23	vez	вёрёш			
23	vez	маёр			
21	ker	гёрг			
21	hly	деёр			
21	vez	шаркёзи			
20	hly	чалокёз			
20	hly	швёбус			
20	vez	гёнци			
18	hly	тонё			
18	hly	гёдёлё			
18	hly	эндрёд			
18	hly	таё			
18	hly	санкт-пёльтен			
17	hly	гёнц			
17	hly	дёндеш			
16	hly	дёер			
16	hly	гемёр			
16	hly	дебрещен			
16	ker	ференщ			
16	hly	бёш			
16	ker	ищтван			
16	ker	лёренц			
16	hly	оёк			
16	hly	кишкёрёш			
16	ker	лайёш			
16	hly	угочё			
16	vez	гёрёг			
16	vez	модёр			
16	vez	ращ			
16	vez	шебёк			
15	hly	мезёкёвешд			
15	hly	дёрн			
15	hly	хевещ			
15	hly	мезётур			
15	ker	энё			
15	vez	модёроши			
14	hly	вощ			
14	hly	пещт			
14	ker	дёрг			
14	ker	дёрди			
14	hly	кёссек			
14	ker	дёжё			
14	hly	тёльдеш			
12	hly	борщод			
12	hly	будапещт			
11	hly	мощон			
10	ker	щандор			
10	vez	шебещин			
9	hly	крощ			
9	ker	лающ			
9	vez	борщ			
9	ker	янощ			
9	hly	щомодь			
9	hly	общ.			
8	hly	площадь			
8	hly	бекещ			
8	ker	янущ			
8	hly	борщот			
8	vez	рощ			
7	ker	игнащ			
7	hly	иващ			
7	vez	борщи			
6	hly	барщ			
6	hly	карщаг			
6	hly	модярщина			
6	hly	мишкольщ			
6	hly	кощица			
6	hly	мадярщина			
6	ker	дъердь			
6	ker	лаещ			
6	ker	ферещ			
5	hly	ищосек			
5	hly	гевещ			
5	hly	борщодь			
5	hly	кищ			
5	hly	щопрон			
5	hly	собольщ			
5	ker	винще			
5	hly	борщи			
5	hly	борощ			
5	hly	баращ			
5	vez	кищ			
5	hly	пещел			
4	hly	мощонь			
4	hly	щучье			
4	hly	кощице			
4	hly	крещ			
4	hly	пщек			
4	hly	бекещаба			
4	hly	кошище			
4	hly	ракощи			
4	ker	ищван			
4	hly	бейкещебо			
4	vez	ващи			
4	vez	винще			
4	hly	рещица			
4	hly	мадьярщина			
4	hly	тарщал			
4	hly	борщо			
4	vez	курущ			
4	ker	андращ			
4	hly	зирщ			
4	ker	дейнещ			
4	vez	прищак			
4	ker	ищтвон			
4	vez	шебещен			
3	hly	пещанский			
3	hly	грещ			
3	hly	дерщен			
3	hly	община			
3	ker	ищитван			
3	hly	пакщ			
3	hly	иванщ			
3	hly	щемоер			
3	hly	фещр			
3	hly	мадъярское			
3	vez	борощ			
3	hly	герще			
3	hly	лейбнищ			
3	hly	пилищаба			
3	hly	бистрища			
3	hly	торщ			
3	hly	бистрище			
3	hly	берщел			
3	hly	вещ			
3	hly	томащи			
3	vez	гощ			
3	hly	борщад			
3	hly	пещит			
3	hly	суботища			
3	hly	силище			
3	ker	лоющ			
3	hly	иванище			
3	hly	дъер			
3	hly	ищущив			
2	ker	дердъ			
2	hly	дъяр			
2	ker	матъяш			
2	ker	дъюла			
2	hly	одъяло			
2	vez	фабъян			
2	ker	танъер			
2	vez	эдъед			
1	hly	нойъкиракг			
1	hly	кестонтъи			
1	hly	дъемшед			
1	hly	пилитъаба			
1	vez	бабъяк			
1	hly	модъяр			
1	vez	бёлъ			
1	hly	нодъмарож			
1	vez	бъковач			
1	hly	боршодъ			
1	hly	подъберег			
1	hly	лаядъяркерстил			
1	hly	нодъконыжа			
1	hly	кишкунфелъэдьгазо			
1	vez	бувъков			
1	hly	марушъеч			
1	hly	сентъэндре			
1	ker	менъерт			
1	hly	увекъяр			
1	hly	мемьдосъонов			
1	hly	соболъ			
1	hly	балатон-мадъярод			
1	vez	варнадъ			
1	vez	варъю			
1	ker	палъ			
1	ker	манъямович			
1	hly	объект			
1	hly	багъяш			
1	hly	ниретъгазо			
1	hly	дъива			
1	vez	гебъеш			
1	hly	баянхезъ			
1	hly	тепюдъердье			
1	hly	здъек			
1	hly	дъёр			
1	ker	дзэрдъ			
1	ker	матъващ			
1	hly	надьдобронъ			
1	hly	мадъяровар			
1	vez	хоржок (хоръяг)			
1	hly	таръ			
1	hly	модъералмаш			
1	vez	демъин (демин)			
1	vez	дъёрдь			
1	hly	дъёрдю			
1	vez	дёръдь (дердь)			
1	hly	бехинъ			
1	hly	велъчичиярош			
1	vez	деръян			
1	vez	добъян			
1	hly	яссъ-якухалму			
1	hly	берегъ			
1	hly	кайщеъте			
1	hly	золоопаръ			
1	hly	мэдъярлои			
1	hly	зелнъ			
1	hly	ясъякугальма			
1	ker	дъюло			
1	hly	шомофхаршхадъ			
1	hly	конденъово			
1	vez	сьюч (съюч)			
1	vez	съюч			
1	hly	жабъян			
1	hly	мошонмодъяровар			
1	hly	дъердьодитро			
1	hly	модъяр-мочар			
1	hly	съезд			
1	hly	деръ			
1	hly	дъор			
1	ker	эрнъ			
1	hly	габоръян			
1	hly	эдъед			
1	hly	хайдъ-дорог			
1	hly	словячъниа			
1	hly	кунъедеш			
1	hly	нъекежень			
1	hly	олъдебре			
1	ker	аъберт			
1	hly	кэвермешъ			
1	hly	подъед			
1	hly	хеделъо			
1	hly	татарсендертъ			
1	hly	секенъбере			
1	hly	кишкунфелодъхаза			
1	vez	лендъел			
1	vez	ленъу (ленчу)			
1	hly	денъдеш-пато			
1	hly	чокберинъ			
1	hly	мадъярдече			
Mindenből van 100. :)					
