4	Элемиер	Elemér/R
3	Флоренц	Ferenc/R
3	Матнаш	Mátyás/R
3	Ляслу	László/R
3	Диордь	György/R
3	Георгии	Gergely/R
3	Алойс	Alajos/R
2	Юлианна	Julianna/R
2	Фабиян	Fábián/R
2	Повел	Pál;Pável/R
2	Пирожка	Piroska/R
2	Петерне	Péterné/R
2	Магдольна	Magdolna/R
2	Люренц	Lőrinc/R
2	Лесло	László/R
2	Коломан	Kálmán/R
2	Кайман	Kálmán/R
2	Йосеф	József/R
2	Июзеф-Юзеф	József/R
1	Фереш	Ferenc/R
1	Лоеуш	Lajos/R
1	Лиза	Liza/R
1	Леош	Lajos/R
1	Джула	Gyula/R
73	Дежы	Dezső/R
68	Михей	Mihály/R
68	Каталина	Katalin/R
65	Иштан	István/R
64	Эмерих	Imre/R
64	Лонуш	Lajos/R
63	Януй	János/R
63	Дерде	György/R
62	Калма	Kálmán/R
62	Евжеф	József/R
60	Франтишек	František;Ferenc/R
59	Гашнар	Gáspár/R
57	Александру	Alexandru;Sándor/R
56	Онто	Antal;Ottó/R
56	Лослав	László/R
56	Каспар	Gáspár/R
56	Евгений	Jevgenyij;Jenő/R
56	Дерч	György/R
56	Андрияс	András/R
54	Иозоф	József/R
53	Июжев	József/R
52	Юзефов	József/R
52	Лойюш	Lajos/R
52	Иштванов	István/R
52	Иштвал	István/R
51	Имрих	Imre/R
51	Дёрт	György/R
51	Бал	Pál/R
50	Ювжет	József/R
50	Иоже	József/R
50	Андрат	András/R
49	Ласно	László/R
48	Янэ	János/R
48	Иттван	István/R
47	Сигмунд	Zsigmond/R
47	Мандор	Sándor/R
47	Иштвай	István/R
47	Ант	Antal/R
46	Яней	János/R
45	Шитва	István/R
45	Каталин	Katalin/R
44	Ишт	István/R
44	Жиго	Zsigmond;Zsiga/R
44	Войтех	Vojtek;Béla/R
43	Карлман	Kálmán/R
43	Дежа	Géza/R
42	Павло	Pavlo;Pál/R
42	Вильмут	Vilmos/R
41	Эрнуй	Ernő/R
41	Эмма	Emma/R
41	Лопош	Lajos/R
41	Иства	István/R
41	Вера	Vera/R
41	Бойло	Béla/R
41	Алоиш	Alois;Alajos;Lajos/R
40	Эрней	Ernő/R
40	Шандир	Sándor/R
40	Режив	Rezső/R
40	Иштован	István/R
40	Джорж	György/R
40	Дежуй	Dezső/R
40	Двордь	György/R
39	Султан	Zoltán/R
39	Себастьян	Szebasztián;Sebestyén/R
38	Матеаш	Mátyás/R
38	Макс	Max/R
38	Жужанна	Zsuzsanna/R
37	Ювжеф	József/R
37	Лауеш	Lajos/R
37	Андриан	Adrián/R
36	Эмре	Imre/R
36	Иежеф	József/R
36	Игнаш	Ignác/R
36	Жорж	György/R
35	Южов	József/R
35	Юже	József/R
35	Миклюш	Miklós/R
35	Истфан	István/R
35	Дирд	György/R
35	Деметр	Demeter/R
35	Двирдь	György/R
35	Андряш	András/R
35	Агнеш	Ágnes/R
34	Южер	József/R
34	Пап	Pap;Papp/R
34	Иезеф	József/R
34	Василе	Vasile;László/R
33	Мозеф	Mózes/R
33	Можеф	Mózes/R
33	Леуш	Lajos/R
33	Иожоф	József/R
33	Гавор	Gábor/R
32	Йосип	József/R
32	Ижев	József/R
31	Янев	János/R
31	Эмрих	Imre/R
31	Пирошка	Piroska/R
31	Нодь	Nagy/R
31	Иожф	József/R
31	Игнате	Ignác/R
31	Есеф	József/R
31	Доердь	György/R
31	Вильмон	Vilmos/R
31	Бийла	Béla/R
31	Андрес	András/R
30	Шанду	Sándor/R
30	Хайнрих	Henrik;Heinrich/R
30	Тот	Tót;Tóth/R
30	Онраш	András/R
30	Михайлов	Mihály/R
30	Мигайль	Mihály/R
30	Ласли	László/R
30	Киш	Kis;Kiss/R
30	Иштаван	István/R
30	Борбала	Borbála/R
30	Бейли	Béla/R
29	Юужев	József/R
29	Лашло	László/R
29	Вероника	Veronika/R
29	Александ	Sándor/R
28	Чандор	Sándor/R
28	Паол	Pál/R
28	Мигат	Mihály/R
28	Матян	Mátyás/R
28	Карп	Karl;Károly/R
28	Иштвак	István/R
28	Ирме	Imre/R
28	Ида	Ida/R
28	Байло	Béla/R
27	Фериц	Ferenc/R
27	Павлов	Pavlov;Pál/R
27	Миколь	Miklós/R
27	Миколай	Miklós/R
27	Лукаш	Lukács/R
27	Енне	Anna/R
27	Венден	Vendel/R
27	Алойш	Alois;Alajos;Lajos/R
27	Алоиз	Alois;Alajos;Lajos/R
27	Александор	Sándor/R
26	Флорян	Flórián/R
26	Флория	Flórián/R
26	Солдан	Zoltán/R
26	Режев	Rezső/R
26	Маклош	Miklós/R
26	Ласко	László/R
26	Ланеш	Lajos/R
26	Калмен	Kálmán/R
26	Иштванд	István/R
26	Дюордь	György/R
26	Дардь	György/R
26	Гашпер	Gáspár/R
26	Бэйло	Béla/R
26	Адамне	Ádámné/R
25	Шамдор	Sándor/R
25	Надь	Nagy/R
25	Ливринц	Lőrinc/R
25	Лайюш	Lajos/R
25	Габург	Gábor/R
24	Ютеф	József/R
24	Ювжев	József/R
24	Пасло	László/R
24	Найдор	Nándor/R
24	Матьян	Mátyás/R
24	Матваш	Mátyás/R
24	Вильмот	Vilmos/R
24	Андрияш	András/R
24	Андрашне	Andrásné/R
24	Андран	Adrás/R
23	Умре	Imre/R
23	Пак	Pál/R
23	Ондрат	András/R
23	Маузеш	Mózes/R
23	Матят	Mátyás/R
23	Лойон	Lajos/R
23	Ларенц	Lőrinc/R
23	Лаеуш	Lajos/R
23	Кейзо	Géza/R
23	Кару	Károly/R
23	Кальма	Kálmán/R
23	Быйло	Béla/R
23	Анураш	András/R
22	Янут	János/R
22	Шандол	Sándor/R
22	Тандор	Sándor/R
22	Пел	Pál/R
22	Олександр	Sándor/R
22	Кельман	Kálmán/R
22	Зандор	Sándor/R
22	Диула	Gyula/R
22	Деренц	Ferenc/R
22	Дердж	György/R
22	Дежио	Dezső/R
22	Анно	Anna/R
21	Юужеф	József/R
21	Юдит	Judit/R
21	Шандоль	Sándor/R
21	Шадор	Sándor/R
21	Сузана	Zsuzsanna/R
21	Моринц	Móric;Lőrinc/R
21	Михаило	Mihály/R
21	Махай	Mihály/R
21	Маргита	Margit/R
21	Лидия	Lídia/R
21	Имлер	Imre/R
21	Двула	Gyula/R
21	Гавриил	Gavril;Gábor/R
21	Вейло	Béla/R
21	Бюло	Béla/R
20	Юозеф	József/R
20	Южоф	József/R
20	Элизабет	Elizabet;Erzsébet/R
20	Шандорф	Sándor/R
20	Фронц	Ferenc/R
20	Франциска	Franciska/R
20	Себостьян	Szebasztián;Sebestyén/R
20	Пало	Pál/R
20	Ондреш	András/R
20	Мозер	Mózes/R
20	Ляуш	Lajos/R
20	Ляеш	Lajos/R
20	Леренс	Lőrinc/R
20	Ласнов	László/R
20	Ладислаус	László/R
20	Келман	Kálmán/R
20	Каролина	Karolina/R
20	Кабур	Gábor/R
20	Иштман	István/R
20	Иштвян	István/R
20	Иштво	István/R
20	Иштвайн	István/R
20	Иоануш	Jónás;János/R
20	Имбря	Imre/R
20	Дорт	György/R
20	Гейзер	Géza/R
20	Войтек	Vojtek;Béla/R
20	Бендек	Benedek/R
20	Баленд	Bálint/R
20	Ана	Anna/R
19	Янушов	János/R
19	Янив	János/R
19	Поп	Pap;Papp/R
19	Микол	Miklós/R
19	Лоши	Lajos/R
19	Интван	István/R
19	Деорть	György/R
19	Деорг	György/R
19	Дежов	Dezső/R
19	Гезер	Géza/R
18	Шштван	István/R
18	Шиван	István/R
18	Шалдор	Sándor/R
18	Сусана	Zsuzsanna/R
18	Пирошко	Piroska/R
18	Пинтер	Pintér/R
18	Петтер	Péter/R
18	Петер-Пал	Péter-Pál/R
18	Паула	Paula/R
18	Павель	Pavel;Pál/R
18	Мятяш	Mátyás/R
18	Лоаш	Lajos/R
18	Крестина	Krisztina/R
18	Доула	Gyula/R
18	Дерь	György/R
18	Гашнор	Gáspár/R
18	Вениамин	Benjámin/R
18	Валинт	Bálint/R
18	Бейль	Béla/R
18	Барбара	Barbara/R
17	Ямуш	János/R
17	Юлана	Julianna/R
17	Флора	Flóra/R
17	Ференст	Ferenc/R
17	Уштван	István/R
17	Сигмонд	Zsigmond/R
17	Сигизмунд	Szigizmund; Sigismund;Zsigmond/R
17	Онно	Anna/R
17	Мозош	Mózes/R
17	Матнас	Mátyás/R
17	Матиш	Mátyás/R
17	Мадьяр	Magyar/R
17	Калмаш	Kálmán/R
17	Иянуш	János/R
17	Иштве	István/R
17	Иллона	Ilona/R
17	Дяже	Dezső/R
17	Деорди	Györgyi/R
17	Гоза	Géza/R
17	Газа	Géza/R
17	Габорт	Gábor/R
17	Вельмош	Vilmos/R
17	Вела	Béla/R
17	Валерия	Valéria/R
17	Анбраш	András/R
16	Яшуш	János/R
16	Янушна	Jánosné/R
16	Этелка	Etelka/R
16	Эрной	Ernő/R
16	Флорьян	Flórián/R
16	Тобияш	Tóbiás/R
16	Рейзо	Rezső/R
16	Поло	Pál/R
16	Петров	Péter/R
16	Пах	Pál/R
16	Павль	Pavel;Pál/R
16	Могда	Magda/R
16	Миклови	Miklós/R
16	Мигайне	Mihályné/R
16	Мегай	Mihály/R
16	Махаль	Mihály/R
16	Маняш	Mátyás/R
16	Максим	Maxim/R
16	Люш	Lajos/R
16	Лукас	Lukács/R
16	Лёренц	Lőrinc/R
16	Карлов	Károly/R
16	Иянош	János/R
16	Иштванн	István/R
16	Иштвани	István/R
16	Иштваль	István/R
16	Игнату	Ignác/R
16	Жофия	Zsófia/R
16	Еосиф	József/R
16	Доырдь	György/R
16	Власло	László/R
16	Виллюш	Vilmos/R
16	Бенуй	Benő/R
15	Юзыф	József/R
15	Эмилия	Emília/R
15	Эма	Emma/R
15	Шанор	Sándor/R
15	Шанго	Sándor/R
15	Францис	Ferenc/R
15	Форонц	Ferenc/R
15	Форенс	Ferenc/R
15	Палинт	Bálint/R
15	Никол	Miklós/R
15	Мойзеш	Mózes/R
15	Матеяш	Mátyás/R
15	Луиза	Lujza/R
15	Лиюш	Lajos/R
15	Леуеш	Lajos/R
15	Иштефан	István/R
15	Иштвой	István/R
15	Иштвам	István/R
15	Ишац	Izsák/R
15	Дюрди	György/R
15	Дила	Béla/R
15	Джердж	György/R
15	Дёрди	Györgyi/R
15	Дердне	Györgyné/R
15	Дежыв	Dezső/R
15	Деердь	György/R
15	Болит	Bálint/R
15	Биило	Béla/R
15	Антольне	Antalné/R
14	Яна	János/R
14	Юожеф	József/R
14	Юлияна	Julianna/R
14	Юлиа	Júlia/R
14	Южефна	Józsefné/R
14	Эжеф	József/R
14	Эжев	József/R
14	Шайдур	Sándor/R
14	Френс	Ferenc/R
14	Ферекс	Ferenc/R
14	Степанов	Sztyepan;István/R
14	Сольтан	Zoltán/R
14	Поал	Pál/R
14	Павил	Pavel;Pál/R
14	Мория	Mária/R
14	Митван	István/R
14	Миклот	Miklós/R
14	Матянс	Mátyás/R
14	Марье	Mária/R
14	Лают	Lajos/R
14	Лавринц	Lőrinc/R
14	Кароп	Károly/R
14	Йоужеф	József/R
14	Иштлан	István/R
14	Ишиван	István/R
14	Иозф	József/R
14	Иозеш	József/R
14	Иозед	József/R
14	Дярфаш	Gyárfás/R
14	Дырд	György/R
14	Диорди	Györgyi/R
14	Диорд	György/R
14	Джордж	György/R
14	Демитр	Demeter/R
14	Двырдь	György/R
14	Горг	György/R
14	Гези	Géza/R
14	Васло	László/R
14	Амалия	Amália/R
13	Юзефина	Jozefina/R
13	Юахим	Joakim;Joachim/R
13	Этелко	Etelka/R
13	Шитвин	István/R
13	Шанзор	Sándor/R
13	Режуй	Rezső/R
13	Пай	Pál/R
13	Павле	Pavel;Pál/R
13	Онураш	András/R
13	Михаилов	Mihály/R
13	Мехай	Mihály/R
13	Маттиас	Mátyás/R
13	Мартоль	Márton/R
13	Лоишь	Lajos/R
13	Лоис	Lajos/R
13	Керой	Károly/R
13	Каспер	Gáspár/R
13	Иштваш	István/R
13	Иштвас	István/R
13	Иосифов	József/R
13	Иогеф	József/R
13	Иоанаш	Jónás;János/R
13	Имера	Imre/R
13	Имбра	Imre/R
13	Ивжеф	József/R
13	Иажеф	József/R
13	Дожи	Dezső/R
13	Гизелла	Gizella/R
13	Гарой	Károly/R
13	Владислов	László/R
13	Александро	Sándor/R
13	Адамов	Ádám/R
12	Юлио	Júlia/R
12	Юлиано	Julianna/R
12	Шаро	Sára/R
12	Хейнрих	Henrik;Heinrich/R
12	Тоут	Tót;Tóth/R
12	Тигай	Mihály/R
12	Стефанов	István/R
12	Степон	Sztyepan;István/R
12	Салтан	Zoltán/R
12	Сабов	Szabó/R
12	Пала	Pál/R
12	Осип	József/R
12	Оптол	Antal/R
12	Ондриаш	András/R
12	Можев	Mózes/R
12	Мигайло	Mihály/R
12	Маер	Mayer;Májer/R
12	Лююш	Lajos/R
12	Лоют	Lajos/R
12	Ласлув	László/R
12	Кальманн	Kálmán/R
12	Иштеван	István/R
12	Иштват	István/R
12	Ишвон	István/R
12	Итре	Imre/R
12	Иотеф	József/R
12	Иософ	József/R
12	Иосиб	József/R
12	Иозееф	József/R
12	Иоанош	János/R
12	Имры	Imre/R
12	Имрей	Imre/R
12	Иёзеф	József/R
12	Ерней	Ernő/R
12	Дьоло	Gyula/R
12	Дионис	Dénes/R
12	Диердь	György/R
12	Дежеу	Dezső/R
12	Дежд	Dezső/R
12	Двёрдь	György/R
12	Гозеф	József/R
12	Гермина	Hermina/R
12	Гейзи	Géza/R
12	Галман	Kálmán/R
12	Варго	Varga/R
12	Бортолон	Bertalan/R
12	Больджар	Boldizsár/R
12	Болдижан	Boldizsár/R
12	Баминт	Bálint/R
12	Балант	Bálint/R
12	Андрия	Andrea/R
12	Агошто	Ágoston/R
11	Яонаш	Jónás;János/R
11	Эржи	Erzsébet/R
11	Эмри	Imre/R
11	Штепан	Sztyepan;István/R
11	Шатван	István/R
11	Шандон	Sándor/R
11	Шамоел	Sámuel/R
11	Флоря	Flóra/R
11	Ферес	Ferenc/R
11	Теризия	Terézia/R
11	София	Szófia/R
11	Пали	Pál/R
11	Пале	Pál/R
11	Орпад	Árpád/R
11	Озеф	József/R
11	Молнар	Molnár/R
11	Михало	Mihály/R
11	Михале	Mihály/R
11	Миай	Mihály/R
11	Липад	Lipót/R
11	Корль	Károly/R
11	Катя	Kátya;Kata;Katalin/R
11	Каролы	Károly/R
11	Камман	Kálmán/R
11	Иштфон	István/R
11	Иштон	István/R
11	Иштвол	István/R
11	Иштванне	Istvánné/R
11	Ишман	István/R
11	Ихтван	István/R
11	Идо	Ida/R
11	Ианошне	Jánosné/R
11	Дюлю	Gyula/R
11	Дюже	Dezső/R
11	Доуло	Gyula/R
11	Джуло	Gyula/R
11	Демете	Demeter/R
11	Дежий	Dezső/R
11	Дверд	György/R
11	Григоре	György/R
11	Георий	György/R
11	Гезор	Géza/R
11	Габр	Gábor/R
11	Васили	Vasile;László/R
11	Василей	Vasile;László/R
11	Боляш	Balázs/R
11	Барбало	Borbála/R
11	Андраши	András/R
11	Алойз	Alois;Alajos;Lajos/R
11	Агнес	Ágnes/R
10	Яужев	József/R
10	Юузеф	József/R
10	Эртибет	Erzsébet/R
10	Эндрс	Endre/R
10	Эммо	Emma/R
10	Шандоров	Sándor/R
10	Феронс	Ferenc/R
10	Ференя	Ferenc/R
10	Фереж	Ferenc/R
10	солдат	közkatona;honvéd/R
10	Поол	Pál/R
10	Палинд	Bálint/R
10	Павла	Pavel;Pál/R
10	Ондреаш	András/R
10	Ондра	András/R
10	Олоиш	Alois;Alajos;Lajos/R
10	Мотияш	Mátyás/R
10	Михат	Mihály/R
10	Микулаш	Miklós/R
10	Миколуш	Miklós/R
10	Миклой	Miklós/R
10	Мигайны	Mihályné/R
10	Менирт	Menyhért/R
10	Матыш	Mátyás/R
10	Лойот	Lajos/R
10	Леиш	Lajos/R
10	Лаяшь	Lajos/R
10	Ласпо	László/R
10	Ласио	László/R
10	Йожер	József/R
10	Иштваны	István/R
10	Иужер	József/R
10	Импе	Imre/R
10	Игнати	Ignác/R
10	Иаузеф	József/R
10	Елизабета	Elizabet;Erzsébet/R
10	Деорт	György/R
10	Деордий	György/R
10	Дежой	Dezső/R
10	Гужеф	József/R
10	Гошнар	Gáspár/R
10	Гейзор	Géza/R
10	Гандор	Sándor/R
10	Болдежар	Boldizsár/R
10	Арпарт	Árpád/R
9	Янышь	János/R
9	Юзыв	József/R
9	Эштван	István/R
9	Эрную	Ernő/R
9	Эндраш	András/R
9	Шондо	Sándor/R
9	Шапдор	Sándor/R
9	Шамоель	Sámuel/R
9	Фринц	Ferenc/R
9	Фридош	Frigyes/R
9	Флоре	Flóra/R
9	Флариан	Flórián/R
9	Ференсне	Ferenc/R
9	Товт	Tót;Tóth/R
9	Сужеф	József/R
9	Самойл	Sámuel/R
9	Повл	Pál/R
9	Повзеф	József/R
9	Пат	Pál/R
9	Паг	Pál/R
9	Ондран	András/R
9	Омтол	Antal/R
9	Оберт	Albert/R
9	Никлуш	Miklós/R
9	Минай	Mihály/R
9	Микнош	Miklós/R
9	Миклоус	Miklós/R
9	Миаль	Mihály/R
9	Метяш	Mátyás/R
9	Менгрит	Menyhért/R
9	Ляус	Lajos/R
9	Льюш	Lajos/R
9	Лослоу	László/R
9	Лосла	László/R
9	Лаюуш	Lajos/R
9	Ласмо	László/R
9	Ласле	László/R
9	Ласело	László/R
9	Кандраш	András/R
9	Калмай	Kálmán/R
9	Йожефов	József/R
9	Иштран	István/R
9	Иштваг	István/R
9	Ишстван	István/R
9	Иошер	József/R
9	Иоханн	János/R
9	Иотван	István/R
9	Иожед	József/R
9	Имле	Imre/R
9	Имеря	Imre/R
9	Изиф	József/R
9	Игнаи	Ignác/R
9	Золман	Zoltán/R
9	Жужано	Zsuzsanna/R
9	Жига	Zsiga;Zsigmond/R
9	Дюрдо	György/R
9	Дуля	Gyula/R
9	Диола	Gyula/R
9	Дердни	Györgyné/R
9	Дейзе	Dezső/R
9	Горват	Horvát;Horváth/R
9	Владислаус	László/R
9	Вейла	Béla/R
9	Варга	Varga/R
9	Бенямен	Benjámin/R
9	Бенедект	Benedek/R
9	Баляж	Balázs/R
9	Балог	Balog;Balogh/R
9	Арпан	Árpád/R
9	Ане	Anna/R
9	Андрал	András/R
9	Алексондр	Sándor/R
8	Яузеф	József/R
8	Яужеф	József/R
8	Яожеф	József/R
8	Янушев	János/R
8	Язеф	József/R
8	Юхан	János/R
8	Юзефна	Jószefné/R
8	Ювже	József/R
8	Эллемир	Elemér/R
8	Шитован	István/R
8	Шитвар	István/R
8	Шандорне	Sándorné/R
8	Форанц	Ferenc/R
8	Флориа	Flóra/R
8	Ферин	Ferenc/R
8	Фабьян	Fábián/R
8	Тивдор	Tivadar/R
8	Розилия	Rozália/R
8	Режио	Rezső/R
8	Режий	Rezső/R
8	Петря	Péter/R
8	Пайтер	Péter/R
8	Ондряш	András/R
8	Олдраш	András/R
8	Мотияс	Mátyás/R
8	Моташ	Mátyás/R
8	Мойсе	Mózes/R
8	Моисей	Mózes/R
8	Михаили	Mihály/R
8	Милоль	Mihály/R
8	Миклоц	Miklós/R
8	Миклои	Miklós/R
8	Миклов	Miklós/R
8	Мизай	Mihály/R
8	Мигало	Mihály/R
8	Махаил	Mihály/R
8	Матлаш	Mátyás/R
8	Матис	Mátyás/R
8	Марьян	Mariann/R
8	Мариаш	Mária/R
8	Магдалена	Magdaléna;Magdolna/R
8	Ляюш	Lajos/R
8	Лоуренц	Lőrinc/R
8	Лослау	László/R
8	Лозеф	József/R
8	Лоеош	Lajos/R
8	Ликлош	Miklós/R
8	Лацло	László/R
8	Ласлю	László/R
8	Ласи	László/R
8	Кларо	Klára/R
8	Кейза	Géza/R
8	Кашпор	Gáspár/R
8	Каземир	Kazimír;Kázmér/R
8	Ишфан	István/R
8	Иштвац	István/R
8	Иштвант	István/R
8	Итвон	István/R
8	Иофеф	József/R
8	Иосив	József/R
8	Илоне	Ilona/R
8	Игнау	Ignác/R
8	Ёужев	József/R
8	Дьярдь	György/R
8	Дыердь	György/R
8	Дола	Gyula/R
8	Джюло	Gyula/R
8	Дёордь	György/R
8	Дертне	Györgyné/R
8	Дворд	György/R
8	Даниял	Dániel/R
8	Гертруд	Gertrúd/R
8	Гаштор	Gáspár/R
8	Гаштар	Gáspár/R
8	Власлав	László/R
8	Бэйла	Béla/R
8	Аржибет	Erzsébet/R
8	Андрашны	Andrásné/R
8	Альборт	Albert/R
8	Александров	Sándor/R
7	Янушней	Jánosné/R
7	Януи	János/R
7	Янеу	János/R
7	Яндраш	András/R
7	Эржибете	Erzsébet/R
7	Эржейбет	Erzsébet/R
7	Эржебед	Erzsébet/R
7	Эожеф	József/R
7	Энне	Anna/R
7	Эмо	Emma/R
7	Эльмер	Elemér/R
7	Элизабета	Elizabet;Erzsébet/R
7	Шомдор	Sándor/R
7	Францишко	Franciska/R
7	Флуриян	Flórián/R
7	Тивидор	Tivadar/R
7	Стипан	Sztyepan;István/R
7	Севостьян	Szebasztián;Sebestyén/R
7	Розо	Róza/R
7	Пишта	Pista;István/R
7	Оштван	István/R
7	Оттол	Antal;Ottó/R
7	Ольдар	Aladár/R
7	Олойш	Alois;Alajos;Lajos/R
7	Одраш	András/R
7	Нигай	Mihály/R
7	Можер	Mózes/R
7	Миштван	István/R
7	Михойл	Mihály/R
7	Михала	Mihály/R
7	Миклаус	Miklós/R
7	Меклош	Miklós/R
7	Матяшне	Mátyásné/R
7	Матяис	Mátyás/R
7	Матаж	Mátyás/R
7	Мариян	Mariann/R
7	Марий	Mária/R
7	Магдолна	Magdolna/R
7	Ловош	Lajos/R
7	Лиуш	Lajos/R
7	Липоут	Lipót/R
7	Ластло	László/R
7	Лассо	László/R
7	Ласлуг	László/R
7	Лагло	László/R
7	Кристьян	Krisztián/R
7	Кеза	Géza/R
7	Кармен	Kármen/R
7	Кальмен	Kálmán/R
7	Калманн	Kálmán/R
7	Июзиф	József/R
7	Июзев	József/R
7	Иштьян	István/R
7	Иштеан	István/R
7	Исштван	István/R
7	Ирена	Irén/R
7	Иожек	József/R
7	Инштван	István/R
7	Индраш	András/R
7	Имрс	Imre/R
7	Игнад	Ignác/R
7	Иазеф	József/R
7	Зигизмунд	Szigizmund; Sigismund;Zsigmond/R
7	Елезовета	Elizabet;Erzsébet/R
7	Дюлле	Gyula/R
7	Дьерт	György/R
7	Доирдь	György/R
7	Джюла	Gyula/R
7	Дередь	György/R
7	Дежно	Dezső/R
7	Дежео	Dezső/R
7	Деерт	György/R
7	Двуло	Gyula/R
7	Дажей	Dezső/R
7	Григори	György/R
7	Говор	Gábor/R
7	Гергой	Gergő/R
7	Гашпарт	Gáspár/R
7	Вильмиш	Vilmos/R
7	Василии	Vasile;László/R
7	Вальмош	Vilmos/R
7	Бяло	Béla/R
7	Борталон	Bertalan/R
7	Больдежар	Boldizsár/R
7	Болеж	Balázs/R
7	Болдитар	Boldizsár/R
7	Бершалон	Bertalan/R
7	Бенеден	Benedek/R
7	Андрашов	András/R
7	Андрашни	Andrásné/R
6	Яную	János/R
6	Янул	János/R
6	Юстеф	József/R
6	Юзефне	Józsefné/R
6	Ювжех	Jószef/R
6	Эршибет	Erzsébet/R
6	Эрнюй	Ernő/R
6	Эрживет	Erszébet/R
6	Эржебета	Erzsébet/R
6	Эмери	Imre/R
6	Шарольта	Sarolta/R
6	Шандыр	Sándor/R
6	Шандрон	Sándor/R
6	Шандов	Sándor/R
6	Чула	Gyula/R
6	Хермина	Hermina/R
6	Ферещ	Ferenc/R
6	Ферейс	Ferenc/R
6	Тому	Tamás/R
6	Томашне	Tamásné/R
6	Терези	Terézia/R
6	Тарезия	Terézia/R
6	Талман	Kálmán/R
6	Солтон	Zoltán/R
6	Сандо	Sándor/R
6	Рузо	Róza/R
6	Розина	Rozina/R
6	Розалио	Rozália/R
6	Режею	Rezső/R
6	Пойтер	Péter/R
6	Питтер	Péter/R
6	Питерны	Péterné/R
6	Пиитер	Péter/R
6	Перенс	Ferenc/R
6	Пелтер	Péter/R
6	Пауло	Pál/R
6	Омре	Imre/R
6	Моузаш	Mózes/R
6	Микулуш	Miklós/R
6	Микоуш	Miklós/R
6	Миколауш	Miklós/R
6	Мигалы	Mihály/R
6	Мигаий	Mihály/R
6	Матильда	Matild/R
6	Матас	Mátyás/R
6	Мартяш	Mátyás/R
6	Мантяш	Mátyás/R
6	Макдона	Magdolna/R
6	Майер	Majer;Májer;Mayer/R
6	Лоуринц	Lőrinc/R
6	Лосно	László/R
6	Лойиш	Lajos/R
6	Лёуш	Lajos/R
6	Леоринц	Lőrinc/R
6	Лена	Léna/R
6	Ласто	László/R
6	Лааго	László/R
6	Крестьян	Krisztián/R
6	Коломон	Kelemen;Kálmán/R
6	Колмак	Kálmán/R
6	Катарина	Katarina;Katalin/R
6	Кароль-Пал-Миклош-Лайош-Ласло	Károly-Pál-Miklós-Lajos-László/R
6	Кароло	Károly;Karola/R
6	Каройне	Károlyné/R
6	Карлл	Karl;Károly/R
6	Каломан	Kálmán;Kelemen/R
6	Калмян	Kálmán/R
6	Йоганн	Johann/R
6	Иштвач	István/R
6	Иштваин	István/R
6	Ишитван	István/R
6	Иозиеф	József/R
6	Иожефне	Józsefné/R
6	Имрейней	Imréné/R
6	Игназ	Ignác/R
6	Золбан	Zoltán/R
6	Зигмут	Zsigmond/R
6	Жерж	György/R
6	Еушеф	József/R
6	Еожиф	József/R
6	Емрих	Imre/R
6	Елизабет	Elizabet;Erzsébet/R
6	Дярфош	Gyárfás/R
6	Дюуло	Gyula/R
6	Дюлов	Gyula/R
6	Доордь	György/R
6	Дирт	György/R
6	Диерди	Györgyi/R
6	Дениел	Dániel/R
6	Дежиу	Dezső/R
6	Деардь	György/R
6	Дажуй	Dezső/R
6	Газе	Géza/R
6	Габоль	Gábor/R
6	Вертолон	Bertalan/R
6	Болог	Balog;Balogh/R
6	Болент	Bálint/R
6	Болдажар	Boldizsár/R
6	Берталок	Bertalan/R
6	Беледек	Benedek/R
6	Бартоломей	Bartolomej;Bartolomeo; Bartolómeó;Bertalan/R
6	Баллинт	Bálint/R
6	Аржебет	Erzsébet/R
6	Аранка	Aranka/R
6	Аполония	Apollónia/R
6	Антальне	Antalné/R
6	Анораш	András/R
6	Андрюш	András/R
5	Янош-Иштван	János-István/R
5	Юисеф	József/R
5	Юзиеф	József/R
5	Юзевф	József/R
5	Южефис	József/R
5	Эрпо	Ernő/R
5	Эржибей	Erzsébet/R
5	Эржибат	Erzsébet/R
5	Элизавета	Elizabet;Erzsébet/R
5	Элжебет	Erzsébet/R
5	Шяндор	Sándor/R
5	Шендур	Sándor/R
5	Шебештеин	Sebestyén/R
5	Шатдор	Sándor/R
5	Шардор	Sándor/R
5	Шандорны	Sándorné/R
5	Ханс	Hans/R
5	Хайнрик	Henrik;Heinrich/R
5	Фюлепп	Fülöp/R
5	Фрида	Frida/R
5	Филикс	Félix/R
5	Фернс	Ferenc/R
5	Ферендс	Ferenc/R
5	Ферденант	Ferdinánd/R
5	Ферденанд	Ferdinánd/R
5	Уозеф	József/R
5	Тереиз	Teréz/R
5	Таризия	Terézia/R
5	Сузанна	Zsuzsanna/R
5	Розолия	Rozália/R
5	Розалья	Rozália/R
5	Розалиа	Rozália/R
5	Розали	Rozália/R
5	Режов	Rezső/R
5	Разалия	Rozália/R
5	Раза	Róza/R
5	Потр	Pjotr;Petr;Péter/R
5	Питр	Pjotr;Petr;Péter/R
5	Пал-Петер	Pál-Péter/R
5	Пал-Иштван	Pál-István/R
5	Онораш	András/R
5	Никлоуш	Miklós/R
5	Нандорне	Nándorné/R
5	Нандол	Nándor/R
5	Мятяж	Mátyás/R
5	Мужеш	Mózes/R
5	Мозет	Mózes/R
5	Могдольна	Magdaléna;Magdolna/R
5	Миклоюш	Miklós/R
5	Миклавш	Miklós/R
5	Мигале	Mihály/R
5	Меклуш	Miklós/R
5	Мейнгирт	Menyhért/R
5	Матяц	Mátyás/R
5	Матяаш	Mátyás/R
5	Матыяс	Mátyás/R
5	Матыас	Mátyás/R
5	Матвяш	Mátyás/R
5	Маклоуш	Miklós/R
5	Мадяр	Magyar/R
5	Магдолена	Magdaléna;Magdolna/R
5	Ляслов	László/R
5	Лывринц	Lőrinc/R
5	Лукош	Lukács/R
5	Лойшь	Lajos/R
5	Лойринц	Lőrinc/R
5	Лодислав	László/R
5	Леуринц	Lőrinc/R
5	Лерине	Lőrinc/R
5	Леринг	Lőrinc/R
5	Лаюшне	Lajosné/R
5	Ласлоне	Lászlóné/R
5	Ласлон	László/R
5	Лайяш	Lajos/R
5	Лайут	Lajos/R
5	Ладислау	László/R
5	Кошпар	Gáspár/R
5	Каторина	Katarina;Katalin/R
5	Католик	Katalin/R
5	Кариль	Károly/R
5	Калмак	Kálmán/R
5	Йюзеф	József/R
5	Иштиван	István/R
5	Ишпван	István/R
5	Иулиа	Júlia/R
5	Истефан	István/R
5	Истваш	István/R
5	Исван	István/R
5	Иоштван	István/R
5	Иоусеф	József/R
5	Иоужев	József/R
5	Имне	Imre/R
5	Илонна	Ilona/R
5	Игтван	István/R
5	Игнач	Ignác/R
5	Зонтон	Zoltán/R
5	Зольтен	Zoltán/R
5	Зигман	Zsigmond/R
5	Захарияш	Zakariás/R
5	Замуел	Sámuel/R
5	Закарьяш	Zakariás/R
5	Жикман	Zsigmond/R
5	Жигмут	Zsigmond/R
5	Ештван	István/R
5	Еремияш	Jeremiás/R
5	Дырды	Györgyi/R
5	Дрдь	György/R
5	Дожу	Dezső/R
5	Диерд	György/R
5	Джузеппе	Giuseppe;József/R
5	Дёрч	György/R
5	Дёрдне	Györgyné/R
5	Деорж	György/R
5	Дежуи	Dezső/R
5	Дежею	Dezső/R
5	Дежеи	Dezső/R
5	Дедь	György/R
5	Дайнеш	Dénes/R
5	Гюлло	Gyula/R
5	Гердей	Gergely/R
5	Геогр	György/R
5	Гебур	Gábor/R
5	Гашпа	Gáspár/R
5	Гальман	Kálmán/R
5	Гаврила	Gavril;Gábor/R
5	Габорг	Gábor/R
5	Ворго	Varga/R
5	Воитех	Vojtek;Béla/R
5	Вилмут	Vilmos/R
5	Вельмуш	Vilmos/R
5	Вельмаш	Vilmos/R
5	Болдинар	Boldizsár/R
5	Бейна	Béla/R
5	Баляш	Balázs/R
5	Балаус	Balázs/R
5	Антолов	Antal/R
5	Анне	Anna/R
5	Андриян	Adrián/R
5	Андрауш	András/R
5	Амре	Imre/R
5	Алаиш	Alois;Alajos;Lajos/R
5	Адамм	Ádám/R
5	Агнаш	Ágnes/R
4	Янушке	Jánosné/R
4	Юусев	József/R
4	Юожиф	József/R
4	Юожев	József/R
4	Этелька	Etelka/R
4	Эржийбет	Erzsébet/R
4	Эржиберт	Erzsébet/R
4	Эржибер	Erzsébet/R
4	Эржеберд	Erzsébet/R
4	Эржебез	Erzsébet/R
4	Эндря	Endre/R
4	Элеонора	Eleonóra/R
4	Эленора	Eleonóra/R
4	Элена	Elena;Heléna;Ilona/R
4	Шандорни	Sándorné/R
4	Шандорна	Sándorné/R
4	Шамиель	Sámuel/R
4	Шамель	Sámuel/R
4	Цолтан	Zoltán/R
4	Фриднеш	Frigyes/R
4	Флориен	Flórián/R
4	Ференсни	Ferencné/R
4	Терзия	Terézia/R
4	Терейз	Teréz/R
4	Таводор	Tivadar/R
4	Севастян	Szebasztián;Sebestyén/R
4	Себостян	Szebasztián;Sebestyén/R
4	рядовой	harcos;közkatona/R
4	Рузалье	Rozália/R
4	Рузалия	Rozália/R
4	Рожа	Rózsa/R
4	Ребека	Rebeka/R
4	Потор	Péter/R
4	Пирожко	Piroska/R
4	Пётр	Pjotr;Péter/R
4	Петер-Паль	Péter-Pál/R
4	Петерны	Péterné/R
4	Певел	Pavel;Pál/R
4	Пальне	Pálné/R
4	Палны	Pálné/R
4	Пайль	Pál/R
4	Омдраш	András/R
4	Олуюш	Alajos;Lajos/R
4	Олоуш	Alajos;Lajos/R
4	Ойдраш	András/R
4	Мыхайл	Mihály/R
4	Мувзеш	Mózes/R
4	Моузешь	Mózes/R
4	Моозеш	Mózes/R
4	Михоло	Mihály/R
4	Михалл	Mihály/R
4	Михаиле	Mihály/R
4	Микмуш	Miklós/R
4	Мехал	Mihály/R
4	Мехайл	Mihály/R
4	Матяшни	Mátyásné/R
4	Матяжны	Mátyásné/R
4	Матьеш	Mátyás/R
4	Матильд	Matild/R
4	Маря	Mária/R
4	Марие	Mária/R
4	Ляешь	Lajos/R
4	Люкас	Lukács/R
4	Лоюше	Lajos/R
4	Лоюуш	Lajos/R
4	Лориц	Lőrinc/R
4	Лойяш	Lajos/R
4	Лоиюш	Lajos/R
4	Липоот	Lipót/R
4	Липаут	Lipót/R
4	Лаяуш	Lajos/R
4	Лаэш	Lajos/R
4	Лауешь	Lajos/R
4	Ласлух	László/R
4	Ласлой	László/R
4	Лаеш-Лайош	Lajos/R
4	Ладыслав	László/R
4	Корий	Károly/R
4	Коземир	Kazimír/R
4	Кателина	Katalina/R
4	Камлан	Kálmán/R
4	Ймре	Imre/R
4	Йезеф	József/R
4	Июзефна	Józsefné/R
4	Июжиф	József/R
4	Ищван	István/R
4	Иштьан	István/R
4	Ишттван	István/R
4	Иштваю	István/R
4	Иштвау	István/R
4	Иштванс	István/R
4	Иштван-Ласло	István-László/R
4	Иулианна	Julianna/R
4	Истуан	István/R
4	Иосыф	József/R
4	Иосаф	József/R
4	Иозефов	József/R
4	Илена	Ilona/R
4	Игняц	Ignác/R
4	Зузана	Zsuzsanna/R
4	Зонтан	Zoltán/R
4	Зигмун	Zsigmond/R
4	Жужа	Zsuzsa/R
4	Жисмунд	Zsigmond/R
4	Жилмунд	Zsigmond/R
4	Жикмун	Zsigmond/R
4	Жигмат	Zsigmond/R
4	Ёсиф	József/R
4	Еусеф	József/R
4	Еужефней	Józsefné/R
4	Еремяш	Jeremiás/R
4	Еожев	József/R
4	Емерих	Imre/R
4	Елизобета	Elizabet;Erzsébet/R
4	Евгень	Jevgenyij;Jenő/R
4	Дьеордь	György/R
4	Дожэ	Dezső/R
4	Дмитру	Demeter/R
4	Диорг	György/R
4	Диводор	Tivadar/R
4	Дивадор	Tivadar/R
4	Дерфаш	Gyárfás/R
4	Дементер	Demeter/R
4	Дейрдь	György/R
4	Дгордь	György/R
4	Даниели	Dániel/R
4	Даердь	György/R
4	Гизеля	Gizella/R
4	Гизелло	Gizella/R
4	Георьг	György/R
4	Георгй	György/R
4	Геже	Dezső/R
4	Гвердь	György/R
4	Гашпат	Gáspár/R
4	Гашпал	Gáspár/R
4	Гашмар	Gáspár/R
4	Гарбур	Gábor/R
4	Гаобор	Gábor/R
4	Гавриль	Gavril;Gábor/R
4	Габурне	Gáborné/R
4	Восиль	Vasile;László/R
4	Войтен	Vojtek;Béla/R
4	Виола	Viola/R
4	Винця	Vince/R
4	Веронико	Veronika/R
4	Вензель	Vencel/R
4	Бурбала	Borbála/R
4	Боляж	Balázs/R
4	Больдижа	Boldizsár/R
4	Болдишяр	Boldizsár/R
4	Бильмош	Vilmos/R
4	Берголон	Bertalan/R
4	Белио	Béla/R
4	Белани	Béláné/R
4	Бейлло	Béla/R
4	Бартоло	Bertalan/R
4	Балонт	Bálint/R
4	Аурелия	Aurélia/R
4	Арнадь	Árpád/R
4	Аранко	Aranka/R
4	Антония	Antónia/R
4	Антольни	Antalné/R
4	Андрац	András/R
4	Ангела	Angéla/R
4	Алоши	Alois;Alajos;Lajos/R
4	Алоуш	Alajos;Lajos/R
4	Александре	Sándor/R
4	Алайюш	Alajos;Lajos/R
4	Адамны	Ádámné/R
4	Агоштин	Ágoston/R
4	Аасло	László/R
3	Яушев	József/R
3	Яромияш	Jeremiás/R
3	Яняш	János/R
3	Янош-Бейло-Шандор-Ксавер	János-Béla-Sándor-Xavér/R
3	Юфеф	József/R
3	Юусеф	József/R
3	Юлиона	Julianna/R
3	Юлианно	Julianna/R
3	Юизеф	József/R
3	Юижев	József/R
3	Южефний	Józsefné/R
3	Ювзеф	József/R
3	Эршебета	Erzsébet/R
3	Эршебет	Erzsébet/R
3	Эржебей	Erzsébet/R
3	Эржбет	Erzsébet/R
3	Эммерих	Imre/R
3	Эмере	Imre/R
3	Элене	Elena;Heléna;Ilona/R
3	Эйва	Éva/R
3	Эвва	Éva/R
3	Шттван	István/R
3	Шмре	Imre/R
3	Шмитван	István/R
3	Шитвайн	István/R
3	Шиандор	Sándor/R
3	Шебештиан	Sebestyén/R
3	Шебастьян	Szebasztián;Sebestyén/R
3	Шашдор	Sándor/R
3	Шаумель	Sámuel/R
3	Шанндор	Sándor/R
3	Шандэр	Sándor/R
3	Шандуров	Sándor/R
3	Шандрош	Sándor/R
3	Шандор-Ференц	Sándor-Ferenc/R
3	Шандорт	Sándor/R
3	Шандоро	Sándor/R
3	Шандорней	Sándorné/R
3	Шандора	Sándor/R
3	Шамоэл	Sámuel/R
3	Шакдор	Sándor/R
3	Цецилия	Cecília/R
3	Христина	Krisztina/R
3	Францишка	Franciska/R
3	Флоуриян	Flórián/R
3	Флориант	Flórián/R
3	Фларион	Flórián/R
3	Ференсней	Ferencné/R
3	Ференес	Ferenc/R
3	Фердинанд-Нандор	Ferdinánd-Nándor/R
3	Фененс	Ferenc/R
3	Фабян	Fábián/R
3	Токач	Takács/R
3	Тобияс	Tóbiás/R
3	Тобаш	Tóbiás/R
3	Тиреза	Terézia/R
3	Тивород	Tivadar/R
3	Терыс	Teréz/R
3	Тереса	Tereza;Terézia/R
3	Тавадор	Tivadar/R
3	Сультан	Zoltán/R
3	Стофан	István/R
3	Степан-Иштван	Sztyepan-István/R
3	Сигисмунд	Szigizmund; Sigismund;Zsigmond/R
3	Сибостян	Szebasztián;Sebestyén/R
3	Севастьян	Szebasztián;Sebestyén/R
3	Самоел	Sámuel/R
3	Савостьян	Szebasztián;Sebestyén/R
3	Роукуш	Rókus/R
3	Раукуш	Rókus/R
3	Разолия	Rozália/R
3	Пэйтер	Péter/R
3	Полдижар	Boldizsár/R
3	Пиводор	Tivadar/R
3	Петеров	Péter/R
3	Петерни	Péterné/R
3	Пертолон	Bertalan/R
3	Паулина	Paulina/R
3	Палт	Pál/R
3	Палне	Pálné/R
3	Паллни	Pállné/R
3	Пал-Ласло	Pál-László/R
3	Павлл	Pavel;Pál/R
3	Павен	Pavel;Pál/R
3	Охтол	Antal/R
3	Отта	Ottó/R
3	Отиля	Otília;Ottilia/R
3	Орпод	Árpád/R
3	Орпат	Árpád/R
3	Оптал	Antal/R
3	Онна	Anna/R
3	Ондрыш	András/R
3	Ондруш	András/R
3	Ондрраш	András/R
3	Ондриас	András/R
3	Ойжеф	József/R
3	Ожеф	József/R
3	Николи	Miklós/R
3	[неразборчиво]	[olvashatatlan]/R
3	Неймет	Német;Németh/R
3	Мюзеш	Mózes/R
3	Мужес	Mózes/R
3	Мохаль	Mihály/R
3	Мотяус	Mátyás/R
3	Морчит	Margit/R
3	Моргет	Margit/R
3	Моргарита	Margaréta;Margit/R
3	Молнер	Molnár/R
3	Мозыш	Mózes/R
3	Модяр	Magyar/R
3	Могдана	Magdolna/R
3	Мовзош	Mózes/R
3	Мовжеш	Mózes/R
3	Михяй	Mihály/R
3	Михлай	Mihály/R
3	Михеи	Mihály/R
3	Михая	Mihály/R
3	Михалй	Mihály/R
3	Михалев	Mihály/R
3	Михаич	Mihály/R
3	Михаий	Mihály/R
3	Михаив	Mihály/R
3	Митвах	István/R
3	Мирай	Mihály/R
3	Мипаль	Mihály/R
3	Мимай	Mihály/R
3	Милаль	Mihály/R
3	Миколой	Miklós/R
3	Миклошне	Miklósné/R
3	Мигайни	Mihályné/R
3	Мехаил	Mihály/R
3	Мергит	Margit/R
3	Менхер	Menyhért/R
3	Меклаш	Miklós/R
3	Машеш	Mózes/R
3	Матяк	Mátyás/R
3	Матьянс	Mátyás/R
3	Матыяш	Mátyás/R
3	Матыльда	Matild/R
3	Матыльд	Matild/R
3	Матняш	Mátyás/R
3	Марчит	Margit/R
3	(Мария)	Mária/R
3	Маргорита	Margaréta;Margit/R
3	Маргид	Margit/R
3	Макдольня	Magdaléna;Magdolna/R
3	Макдолна	Magdolna/R
3	Магдальна	Magdaléna;Magdolna/R
3	Людмила	Ludmilla/R
3	Лыюш	Lajos/R
3	Лысло	László/R
3	Лупач	Lukács/R
3	Лоушь	Lajos/R
3	Лославл	László/R
3	Локотош	Lakatos/R
3	Лоеюш	Lajos/R
3	Лёюш	Lajos/R
3	Леюринц	Lőrinc/R
3	Леуренц	Lőrinc/R
3	Леслов	László/R
3	Лендер	Lengyel/R
3	Лаяс	Lajos/R
3	Ласля	László/R
3	Ласлор	László/R
3	Ласлоны	Lászlóné/R
3	Ласлод	László/R
3	Ласловне	Lászlóné/R
3	Ласлив	László/R
3	Ласлев	László/R
3	Ласлава	László/R
3	Ласго	László/R
3	Лакло	László/R
3	Лаиюш	Lajos/R
3	Лаишь	Lajos/R
3	Лаиоц	Lajos/R
3	Лазер	Lázár/R
3	Кялман	Kálmán/R
3	Кустав	Gusztáv/R
3	Ксавер	Xavér/R
3	Корнилия	Kornélia/R
3	Корнелия	Kornélia/R
3	Козоль	Károly/R
3	Кизела	Gizella/R
3	Киводар	Tivadar/R
3	Кашпер	Gáspár/R
3	Катарин	Katarina;Katalin/R
3	Карлой	Károly/R
3	Канман	Kálmán/R
3	Кальмян	Kálmán/R
3	Калманы	Kálmánné/R
3	Калмани	Kálmánné/R
3	Каймон	Kálmán/R
3	Йожоф	József/R
3	Июшеф	József/R
3	Ищитван	István/R
3	Иштуван	István/R
3	Иштовон	István/R
3	Иштоан	István/R
3	Иштвом	István/R
3	Иштвах	István/R
3	Иштван-Юзеф	István-József/R
3	Иштван-Шандор	István-Sándor/R
3	Иштванней	Istvánné/R
3	Ишвтан	István/R
3	Итшвон	István/R
3	Итшван	István/R
3	Исшван	István/R
3	Истран	István/R
3	Иствен	István/R
3	Исандор	Sándor/R
3	Иосефич	József/R
3	Иоожев	József/R
3	Иоланда	Jolanda/R
3	Иозеф-Ференц	József-Ferenc/R
3	Иозефич	József/R
3	Имтвай	István/R
3	Имрее	Imre/R
3	Илана	Ilona/R
3	Изобелла	Izabella/R
3	Иёжеф	József/R
3	Иеузеф	József/R
3	Иенац	Ignác/R
3	Иезиф	József/R
3	Ивштван	István/R
3	Иасиф	József/R
3	Зула	Gyula/R
3	Зомтан	Zoltán/R
3	Зольшан	Zoltán/R
3	Зольман	Zoltán/R
3	Зольжан	Zoltán/R
3	Золтол	Zoltán/R
3	Зоитан	Zoltán/R
3	Зильтан	Zoltán/R
3	Закорьяш	Zakariás/R
3	Жужанно	Zsuzsanna/R
3	Жужан	Zsuzsanna;Zsuzsa/R
3	Житван	István/R
3	Жидмунд	Zsigmond/R
3	Жидман	Zsigmond/R
3	Жигмуна	Zsigmond/R
3	Жигминт	Zsigmond/R
3	Жигмайд	Zsigmond/R
3	Еюжеф	József/R
3	Еоужеф	József/R
3	Еосеф	József/R
3	Еозоф	József/R
3	Емма	Emma/R
3	Емерип	Imre/R
3	Ейжеф	József/R
3	Еижеф	József/R
3	Дярфиш	Gyárfás/R
3	Дюэрть	György/R
3	Дюрч	György/R
3	Дюорд	György/R
3	Дюйло	Gyula/R
3	Дюерт	György/R
3	Дэжой	Dezső/R
3	Дэжий	Dezső/R
3	Дьюрт	György/R
3	Дьорч	György/R
3	Дьорт	György/R
3	Дьоердь	György/R
3	Дьирд	György/R
3	Дырьдь	György/R
3	Доунат	Donát/R
3	Донрдь	György/R
3	Дондь	György/R
3	Дойнеш	Dénes/R
3	Диорть	György/R
3	Диарфаш	Gyárfás/R
3	Джюля	Gyula/R
3	Джигмунд	Zsigmond/R
3	Джигмонт	Zsigmond/R
3	Джердь	György/R
3	Дёло	Gyula/R
3	Деырдь	György/R
3	Деуло	Gyula/R
3	Деуже	Dezső/R
3	Дердь-Иштван	György-István/R
3	Дергть	György/R
3	Деола	Gyula/R
3	Деметро	Demeter/R
3	Деёрдь	György/R
3	Деерть	György/R
3	Даниэли	Dániel/R
3	Гябор	Gábor/R
3	Гондраш	András/R
3	Гизена	Gizella/R
3	Гешпар	Gáspár/R
3	Георть	György/R
3	Георго	Gergő/R
3	Гельзо	Géza/R
3	Гейнрик	Henrik;Heinrich/R
3	Гезела	Gizella/R
3	Гашпо	Gáspár/R
3	Гашпард	Gáspár/R
3	Гашпан	Gáspár/R
3	Гашлар	Gáspár/R
3	Гашкар	Gáspár/R
3	Гарбор	Gábor/R
3	Гаврило	Gavril;Gábor/R
3	Габурт	Gábor/R
3	Габриелла	Gabriella/R
3	Габоров	Gábor/R
3	Войтер	Vojtek;Béla/R
3	Владислау	László/R
3	Владисл	László/R
3	Винцс	Vince/R
3	Вилман	Vilma;Vilmos/R
3	Верунико	Veronika/R
3	Вереш	Veres;Veress;Vörös/R
3	Вайтех	Vojtek;Béla/R
3	Бэлло	Béla/R
3	Былло	Béla/R
3	Бурбало	Borbála/R
3	Бриталон	Bertalan/R
3	Борноваш	Barnabás/R
3	Борбола	Borbála/R
3	Борбара	Barbara;Borbála/R
3	Бонлит	Bálint/R
3	Больдимар	Boldizsár/R
3	Болдимар	Boldizsár/R
3	Болач	Balázs/R
3	Болаг	Balázs/R
3	Бйло	Béla/R
3	Бйла	Béla/R
3	Билё	Béla/R
3	Биела	Béla/R
3	Бертолонов	Bertalan/R
3	Бермолон	Bertalan/R
3	Бенедеч	Benedek/R
3	Белах	Béla/R
3	Белай	Béla/R
3	Бела-Иштван	Béla-István/R
3	Барнадаш	Barnabás/R
3	Баолинд	Bálint/R
3	Бандижар	Boldizsár/R
3	Баллинд	Bálint/R
3	Балипт	Bálint/R
3	Баликт	Bálint/R
3	Балаши	Balázs/R
3	Аскар	Oszkár/R
3	Арпет	Árpád/R
3	Анндраш	András/R
3	Анна-Мария	Annamária;Anna-Mária/R
3	Андрошны	Andrásné/R
3	Андреиш	András/R
3	Андрах	András/R
3	Александр-Шандор	Sándor/R
3	Акдраш	András/R
3	Адоштон	Ágoston/R
3	Адам-Янош	Ádám-János/R
3	Адамней	Ádámné/R
2	Ярпад	Árpád/R
2	Янушно	Jánosné/R
2	Януш-Имре	János-Imre/R
2	Янош-Томаш	János-Tamás/R
2	Яношный	Jánosné/R
2	Янош-Иштв	János-István/R
2	Янош-Иозеф	János-József/R
2	Янош-Густав	János-Gusztáv/R
2	Яанаш	János/R
2	Юшоф	József/R
2	Юузев	József/R
2	Юсев	József/R
2	Юлля	Júlia/R
2	Юлиянна	Julianna/R
2	Юлие	Júlia/R
2	Юзифов	József/R
2	Юзеф-Янош	József-János/R
2	Юзефны	Józsefné/R
2	Юзефни	Józsefné/R
2	Южифне	Józsefné/R
2	Южефней	Józsefné/R
2	Южеф-Йожеф	József/R
2	Южефич	József/R
2	Южефит	József/R
2	Южееф	József/R
2	Южеев	József/R
2	Юежеф	József/R
2	Юежев	József/R
2	Юджеф	József/R
2	Юджев	József/R
2	Ювжоф	József/R
2	Ювжиф	József/R
2	Юанош	János/R
2	Юазеф	József/R
2	Эужеф	József/R
2	Эршиберт	Erzsébet/R
2	Эршбет	Erzsébet/R
2	Эртибед	Erzsébet/R
2	Эртебет	Erzsébet/R
2	Эрнӭ	Ernő/R
2	Эрнö	Ernő/R
2	Эришбет	Erzsébet/R
2	Эржибот	Erzsébet/R
2	Эржиберд	Erzsébet/R
2	Эржибе	Erzsébet/R
2	Эржибад	Erzsébet/R
2	Эржиба	Erzsébet/R
2	Эржебит	Erzsébet/R
2	Эржебеда	Erzsébet/R
2	Эржабет	Erzsébet/R
2	Эрвин-Янош	Ervin-János/R
2	Эмрэ	Imre/R
2	Эммрих	Imre/R
2	Эллемер	Elemér/R
2	Элияш	Éliás/R
2	Элизовета	Elizabet;Erzsébet/R
2	Элизобета	Elizabet;Erzsébet/R
2	Эзакиял	Ezékiel/R
2	Шюндор	Sándor/R
2	Шустер	Suszter/R
2	Штешван	István/R
2	Штефанов	István/R
2	Штвон	István/R
2	Шотдор	Sándor/R
2	Шимон-Имре	Simon-Imre/R
2	Шетван	István/R
2	Шендар	Sándor/R
2	Шебештеп	Sebestyén/R
2	Шебештвен	Sebestyén/R
2	Шебантин	Szebasztián;Sebestyén/R
2	Шебалтин	Szebasztián;Sebestyén/R
2	Швандор	Sándor/R
2	Шбештен	Sebestyén/R
2	Шаудор	Sándor/R
2	Шапдар	Sándor/R
2	Шандюр	Sándor/R
2	Шандуар	Sándor/R
2	Шандрор	Sándor/R
2	Шандос	Sándor/R
2	Шандор-Янош	Sándor-János/R
2	Шандор-Иожеф	Sándor-József/R
2	Шамцель	Sámuel/R
2	Шальдор	Sándor/R
2	Шакарьяз	Zakariás/R
2	Шаиндор	Sándor/R
2	Шабошдин	Szebasztián;Sebestyén/R
2	Шабаштин	Szebasztián;Sebestyén/R
2	Цольтан	Zoltán/R
2	Цицилия	Cecília/R
2	Хорвот	Horvát;Horváth/R
2	Хозеф	József/R
2	Хилда	Hilda/R
2	Херных	Henrik;Heinrich/R
2	Херних	Henrik;Heinrich/R
2	Хедвиг	Hedvig/R
2	Фрюллан	Flórián/R
2	Фролиян	Flórián/R
2	Фобиян	Fábián/R
2	Флюриян	Flórián/R
2	Флурян	Flórián/R
2	Флурьян	Flórián/R
2	Фильмош	Vilmos/R
2	Феретс	Ferenc/R
2	Ференц-Шандор	Ferenc-Sándor/R
2	Ференц-Франц	Ferenc/R
2	Ференц-Иозеф	Ferenc-Jószef/R
2	Ференц-Геза	Ferenc-Géza/R
2	Ференсны	Ferencné/R
2	Ференене	Ferencné/R
2	Фердинот	Ferdinánd/R
2	Фердинанд-Оскар	Ferdinánd-Oszkár/R
2	Ферансне	Ferencné/R
2	Фенерец	Ferenc/R
2	Фелис	Félix/R
2	Фейликс	Félix/R
2	Фарянц	Ferenc/R
2	Фалуши	Falusi/R
2	Фавиян	Fábián/R
2	Фабиал	Fábián/R
2	Уанош	János/R
2	Тюула	Gyula/R
2	Тюля	Gyula/R
2	Томашны	Tamásné/R
2	Тивода	Tivadar/R
2	Тивадор-Иштван	Tivadar-István/R
2	Терыз	Teréz/R
2	Териза	Terézia/R
2	Терейс	Teréz/R
2	Татар	Tatár/R
2	Табияс	Tóbiás/R
2	Сюч	Szűcs/R
2	Сусанна	Zsuzsanna/R
2	Султон	Zoltán/R
2	Стефанс	István/R
2	Степа	István/R
2	Солитан	Zoltán/R
2	Сильворстен	Szilveszter/R
2	Сильвия	Szilvia/R
2	Силлярд	Szilárd/R
2	Силади	Szilágyi/R
2	Силаги	Szilágyi/R
2	Сикмунт	Zsigmond/R
2	Сикмунд	Zsigmond/R
2	Сидония	Szidónia/R
2	Сидовина	Szidónia/R
2	Сигмунт	Zsigmond/R
2	Сигизмонд	Szigizmund; Sigismund;Zsigmond/R
2	Сивостьян	Szebasztián;Sebestyén/R
2	Сельвестор	Szilveszter/R
2	Селиверстр	Szilveszter/R
2	Селиверст	Szilveszter/R
2	Себостен	Szebasztián;Sebestyén/R
2	Себестьян	Szebasztián;Sebestyén/R
2	Себестиян	Szebasztián;Sebestyén/R
2	Себасейян	Szebasztián;Sebestyén/R
2	Сара	Sára/R
2	Саносло	Szaniszló/R
2	Савастьян	Szebasztián;Sebestyén/R
2	Сабоу	Szabó/R
2	Сабо-Ласло	Szabó László/R
2	Сабестьян	Szebasztián;Sebestyén/R
2	Сабастьян	Szebasztián;Sebestyén/R
2	Саас-Иштван	Szász István/R
2	Ружо	Rózsa/R
2	Рудалеф	Rudolf/R
2	Роукош	Rókus/R
2	Розалина	Rozália/R
2	Режиу	Rezső/R
2	Режеу	Rezső/R
2	Регино	Regina/R
2	Рац	Rácz;Rátz/R
2	Равкуш	Rókus/R
2	Пэл	Pál/R
2	Пэйтэр	Péter/R
2	Питерне	Péterné/R
2	Пиетер	Péter/R
2	Петер-Якоб	Péter-Jákob/R
2	Петер-Поль	Péter-Pál/R
2	Петер Пал	Péter-Pál/R
2	Пеитэр	Péter/R
2	Пап Имре	Pap Imre;Papp Imre/R
2	Пал-Шандор	Pál-Sándor/R
2	Пал Ференц	Pál-Ferenc/R
2	Палней	Pálné/R
2	Пал-Иозеф	Pál-József/R
2	Пал-Вендел	Pál-Vendel/R
2	Отилия	Otília;Ottilia/R
2	Оржибет	Erzsébet;Örzsébet/R
2	Опдраш	András/R
2	Оозеф	József/R
2	Онтол-Януш	Antal-János/R
2	Онтолл	Antal/R
2	Ондрашт	András/R
2	Ондрашны	Andrásné/R
2	Ондрашне	Andrásné/R
2	Олоис	Alois;Alajos;Lajos/R
2	Олийош	Alajos;Lajos/R
2	Олекса	Aleksza/R
2	Огаштон	Ágoston/R
2	Някош	Nyakas/R
2	Нодь Шандер	Nagy Sándor/R
2	Никлоеш	Miklós/R
2	не имеет	nem rendelkezik/R
2	не знает	nem tudja/R
2	Надь-Имре	Nagy Imre/R
2	Мяташ	Mátyás/R
2	Муузеш	Mózes/R
2	Муйзеш	Mózes/R
2	Музыш	Mózes/R
2	Музош	Mózes/R
2	Моузет	Mózes/R
2	Моузем	Mózes/R
2	Моузеж	Mózes/R
2	Моужеш	Mózes/R
2	Мотыльд	Matild/R
2	Мотильда	Matilda;Matild/R
2	Мотильд	Matild/R
2	Мотеаш	Mátyás/R
2	Мотваш	Mátyás/R
2	Мотваж	Mátyás/R
2	Моркит	Margit/R
2	Мореиц	Móric/R
2	Моньхирт	Menyhért;Menyhárt/R
2	Монгирт	Menyhért;Menyhárt/R
2	Мольнар	Molnár/R
2	Моклоуш	Miklós/R
2	Мойтяж	Mátyás/R
2	Мойнхард	Menyhért;Menyhárt/R
2	Моизеш	Mózes/R
2	Мозяш	Mózes/R
2	Можеш	Mózes/R
2	Моезеш	Mózes/R
2	Могдона	Magdolna;Magdaléna/R
2	Могдолина	Magdaléna;Magdolna/R
2	Могдалина	Magdaléna;Magdolna/R
2	Мовзеф	Mózes/R
2	Мовзет	Mózes/R
2	Михэй	Mihály/R
2	Михели	Mihály/R
2	Михап	Mihály/R
2	Михалы	Mihály/R
2	Михайс	Mihály/R
2	Михайн	Mihály/R
2	Михайла	Mihály/R
2	Михайел	Mihály/R
2	Михаих	Mihály/R
2	Михаиил	Mihály/R
2	Михаии	Mihály/R
2	Минлуш	Miklós/R
2	Милаил	Mihály/R
2	Микюш	Miklós/R
2	Микулаюш	Miklós/R
2	Миколоуш	Miklós/R
2	Микмош	Miklós/R
2	Миклушов	Miklós/R
2	Миклуч	Miklós/R
2	Миклук	Miklós/R
2	Миклоум	Miklós/R
2	Микловч	Miklós/R
2	Микловуш	Miklós/R
2	Миклиуш	Miklós/R
2	Миклауц	Miklós/R
2	Миклаж	Miklós/R
2	Мизаль	Mihály/R
2	Мигяль	Mihály/R
2	Мигаю	Mihály/R
2	Мигальне	Mihályné/R
2	Мигальд	Mihály/R
2	Мигалия	Mihály/R
2	Мигала	Mihály/R
2	Мигайней	Mihályné/R
2	Мигайлов	Mihály/R
2	Миваэль	Mihály/R
2	Миар	Mihály/R
2	Миал	Mihály/R
2	Мехаи	Mihály/R
2	Метяж	Mátyás/R
2	Метиас	Mátyás/R
2	Меньгорт	Menyhért;Menyhárt/R
2	Меньгет	Menyhért;Menyhárt/R
2	Меныгерт	Menyhért;Menyhárt/R
2	Менхорд	Menyhért;Menyhárt/R
2	Менхельд	Menyhért;Menyhárt/R
2	Меноль	Mihály/R
2	Меной	Mihály/R
2	Менкерт	Menyhért;Menyhárt/R
2	Менегерт	Menyhért/R
2	Менгиртне	Menyhértné/R
2	Менгерет	Menyhért;Menyhárt/R
2	Менгельд	Menyhért;Menyhárt/R
2	Менгеер	Menyhért;Menyhárt/R
2	Мельгирт	Menyhért;Menyhárt/R
2	Меклауш	Miklós/R
2	Мейнхерт	Menyhért;Menyhárt/R
2	Мейнгерт	Menyhért;Menyhárt/R
2	Меигарт	Menyhért;Menyhárt/R
2	Медьяш	Mátyás/R
2	Мегал	Mihály/R
2	Машяж	Mátyás/R
2	Махайл	Mihály/R
2	Матячи	Mátyás/R
2	Матяжне	Mátyásné/R
2	Матьяц	Mátyás/R
2	Матьяус	Mátyás/R
2	Матьяси	Mátyás/R
2	Матыос	Mátyás/R
2	Матылд	Matild/R
2	Матшас	Mátyás/R
2	Матияшь	Mátyás/R
2	Матиян	Mátyás/R
2	Матияж	Mátyás/R
2	Матиеш	Mátyás/R
2	Матиат	Mátyás/R
2	Матей-Петер	Máté-Péter/R
2	Матаис	Mátyás/R
2	Мартюн	Márton/R
2	Мартюк	Márton/R
2	Мартур	Márton/R
2	Мария-Иожефнэй	Mária-Józsefné/R
2	Маргет	Margit/R
2	Марая	Mária/R
2	Маотяш	Mátyás/R
2	Маклаш	Miklós/R
2	Майтяш	Mátyás/R
2	Мазешь	Mózes/R
2	Магдонна	Magdolna;Magdaléna/R
2	Магдолин	Magdolna;Magdaléna/R
2	Магдолиа	Magdolna;Magdaléna/R
2	Магдалино	Magdaléna;Magdolna/R
2	Мавзеш	Mózes/R
2	Ляуяш	Lajos/R
2	Лясо	László/R
2	Лясну	László/R
2	Лясно	László/R
2	Ляйуш	Lajos/R
2	Лязло	László/R
2	Люренс	Lőrinc/R
2	Люйринц	Lőrinc/R
2	Люиш	Lajos/R
2	Люешь	Lajos/R
2	Лэуренц	Lőrinc/R
2	Лырини	Lőrinc/R
2	Луринет	Lőrinc/R
2	Луренц	Lőrinc/R
2	Лояшь	Lajos/R
2	Лоюшне	Lajosné/R
2	Лоють	Lajos/R
2	Лоюк	Lajos/R
2	Лоуюш	Lajos/R
2	Лоуран	Lóránt;Loránd/R
2	Лоуош	Lajos/R
2	Лоуиш	Lajos/R
2	Лосом	László/R
2	Лосль	László/R
2	Лословль	László/R
2	Лосао	László/R
2	Лосав	László/R
2	Лориеуш	Lőrinc/R
2	Лорец	Lőrinc/R
2	Лоренец	Lőrinc/R
2	Лоран	Lóránt;Loránd/R
2	Лооюш	Lajos/R
2	Локатош	Lakatos/R
2	Лойюшь	Lajos/R
2	Лойют	Lajos/R
2	Лойюс	Lajos/R
2	Лойэш	Lajos/R
2	Лойронц	Lőrinc/R
2	Лойош(Лоеш)	Lajos/R
2	Лойвуш	Lajos/R
2	Лоиринц	Lőrinc/R
2	Лоиот	Lajos/R
2	Лоёуш	Lajos/R
2	Лоеринц	Lőrinc/R
2	Лоейш	Lajos/R
2	Лоейош	Lajos/R
2	Лоейеш	Lajos/R
2	Лодислоус	László/R
2	Лиштвал	István/R
2	Литван	István/R
2	Лислав	László/R
2	Лирину	Lőrinc/R
2	Лиренц	Lőrinc/R
2	Лиоринц	Lőrinc/R
2	Ликач	Lukács/R
2	Лийаш	Lajos/R
2	Лизовета	Elizabet;Erzsébet/R
2	Лизавета	Elizabet;Erzsébet/R
2	Лизабет	Elizabet;Erzsébet/R
2	Лидислав	László/R
2	Ливрину	Lőrinc/R
2	Ливренц	Lőrinc/R
2	Лёрину	Lőrinc/R
2	Лёош	Lajos/R
2	Леяш	Lajos/R
2	Леслу	László/R
2	Леринст	Lőrinc/R
2	Леринец	Lőrinc/R
2	Леоош	Lajos/R
2	Леньке	Lenke/R
2	Лейринс	Lőrinc/R
2	Лейринец	Lőrinc/R
2	Лейренц	Lőrinc/R
2	Лейпард	Lénárd;Lénárt/R
2	Леигард	Lénárd;Lénárt/R
2	Леаринц	Lőrinc/R
2	Лаяюш	Lajos/R
2	Лаяшв	Lajos/R
2	Лаюут	Lajos/R
2	Лаюош	Lajos/R
2	Лаюк	Lajos/R
2	Лаэшь	Lajos/R
2	Лаэло	László/R
2	Лаштвон	István/R
2	Лауэш	Lajos/R
2	Лауринц	Lőrinc/R
2	Лауреис	Lőrinc/R
2	Ласцов	László/R
2	Ласцо	László/R
2	Ласлуйме	Lászlóné/R
2	Ласлош	László/R
2	Ласлони	Lászlóné/R
2	Ласлоней	Lászlóné/R
2	Ласло-Иштван	László-István/R
2	Ласло-Иозеф	László-József/R
2	Ласловль	László/R
2	Лаоренц	Lőrinc/R
2	Лакач	Lukács/R
2	Лайоце	Lajos/R
2	Лайнуш	Lajos/R
2	Лаиоу	Lajos/R
2	Лаиой	Lajos/R
2	Лазаро	Lázár/R
2	Лаеюш	Lajos/R
2	Лаесло	László/R
2	Лаеаш	Lajos/R
2	Ладиус	László/R
2	Ладислов	László/R
2	Ладислад	László/R
2	Ладиславл	László/R
2	Лавринец	Lőrinc/R
2	Лааю	Lajos/R
2	Кяроль	Károly/R
2	Кялмон	Kálmán/R
2	Ксафер	Xavér/R
2	Кристян	Krisztián/R
2	Кристьен	Krisztián/R
2	Кристев	Kristóf/R
2	Кристав	Kristóf/R
2	Крештоф	Kristóf/R
2	Котолик	Katalin/R
2	Коталина	Katalin/R
2	Коста	Koszta/R
2	Коспар	Gáspár/R
2	Корою	Károly/R
2	Корналь	Kornél/R
2	Конратне	Konrádné/R
2	Конман	Kálmán/R
2	Комлан	Kálmán/R
2	Кольмаш	Kálmán/R
2	Коллар Густав	Kollár Gusztáv/R
2	Коламан	Kálmán;Kelemen/R
2	Клора	Klára/R
2	Клман	Kálmán/R
2	Клалман	Kálmán/R
2	Клавдия	Klaudia/R
2	Кишференц	Kis Ferenc;Kiss Ferenc/R
2	Кишгибор	Kis Gábor;Kiss Gábor/R
2	Кишандор	Kis Andor;Kiss Andor/R
2	Кийза	Géza/R
2	Кидраш	András/R
2	Керол	Karol;Károly/R
2	Керкей	Gergely;Gergő/R
2	Керенс	Lőrinc;Ferenc/R
2	Кейзах	Géza/R
2	Каяман	Kálmán/R
2	Каштар	Gáspár/R
2	Католино	Katakin/R
2	Католине	Katalin/R
2	Католика	Katalin/R
2	Католи	Katalin/R
2	Каталино	Katalin/R
2	Каспир	Gáspár/R
2	Каснар	Gáspár/R
2	Касло	László/R
2	Карюль	Károly/R
2	Кароль-Ференц	Károly-Ferenc/R
2	Каролй	Károly/R
2	Карлоль	Károly/R
2	Карлол	Károly/R
2	Карголь	Károly/R
2	Карауль	Károly/R
2	Каполь	Károly/R
2	Кантор	Kántor/R
2	Кальмаш	Kálmán/R
2	Кальмас	Kálmán/R
2	Кальмак	Kálmán/R
2	Калыман	Kálmán;Kelemen/R
2	Калоль	Károly/R
2	Калмол	Kálmán/R
2	Калмок	Kálmán/R
2	Калмой	Kálmán/R
2	Калмал	Kálmán/R
2	Каллман	Kálmán/R
2	Казамер	Kázmér;Kazimír/R
2	Йштван	István/R
2	Йоуже	József/R
2	Йосий	József/R
2	Йожефне	Józsefné/R
2	Йожед	József/R
2	Йзоф	József/R
2	Йзжев	József/R
2	Йёнов	János/R
2	Йевжеф	József/R
2	Июсиф	József/R
2	Июля	Júlia/R
2	Ишштван	István/R
2	Ишшван	István/R
2	Ишфон	István/R
2	Иштсан	István/R
2	Ишток	Istók/R
2	Иштовай	István/R
2	Иштова	István/R
2	Иштефон	István/R
2	Иштелан	István/R
2	Иштвоу	István/R
2	Иштвень	István/R
2	Иштван-Янош	István-János/R
2	Иштван-Кароль	István-Károly/R
2	Иштванис	István/R
2	Иштване-Эржибета	Istvánné-Erzsébet/R
2	Иштванг	István/R
2	Иштвав	István/R
2	Иштав	István/R
2	Ишствон	István/R
2	Ишотван	István/R
2	Ишнован	István/R
2	Ишивон	István/R
2	Ишзван	István/R
2	Ишжван	István/R
2	Ихре	Imre/R
2	Иусипе	József/R
2	Иусеф	József/R
2	Иумио	Júlia/R
2	Иузоф	József/R
2	Исфан	István/R
2	Истян	István/R
2	Истре	Imre;Eszter/R
2	Истофан	István/R
2	Истман	Istvan/R
2	Истел	Eszter/R
2	Исте	Imre;eszter/R
2	Иствар	Istvan/R
2	Иствал	Istvan/R
2	Истан	Istvan/R
2	Иситван	István/R
2	Ирмы	Imre;Irma/R
2	Ирми	Imre;Irma/R
2	Ирене	Irén/R
2	Ипор	Apor/R
2	Иошоф	József/R
2	Иошка	Jóska;József/R
2	Иочеф	József/R
2	Иохон	János/R
2	Иостван	István/R
2	Иосифней	Józsefné/R
2	Иосифна	Józsefné/R
2	Иосеп	József/R
2	Ионзеф	József/R
2	Иондраш	András/R
2	Иозяф	József/R
2	Иозыф	József/R
2	Иозисев	József/R
2	Иозеч	József/R
2	Иозефна	Józsefné/R
2	Иозеф-Ласло	József-László/R
2	Иожы	Józsi;József/R
2	Иожуф	József/R
2	Иожи	Józsi;József/R
2	Иожеш	József/R
2	Иожефней	Józsefné/R
2	Иожефе	József/R
2	Иогнац	Ignác/R
2	Иогнат	Ignác/R
2	Иоган-Януш	Jován-János/R
2	Иоганна	Johanna/R
2	Иовсиф	József/R
2	Иовосеф	József/R
2	Иовожеф	József/R
2	Иовжель	József/R
2	Иоана	Johanna/R
2	Индреш	András;Endre/R
2	Индер	Endre/R
2	Имфе	Imre/R
2	Имре-Пал	Imre-Pál/R
2	Имре-Ласло	Imre-László/R
2	Имрван	István/R
2	Имерих	Imre/R
2	Имбван	István/R
2	Иляна	Ilona/R
2	Ильре	Imre/R
2	Илштван	István/R
2	Илуно	Ilona/R
2	Илуина	Ilona/R
2	Илре	Imre/R
2	Илота	Ilona/R
2	Илонно	Ilona/R
2	Илонка	Ilonka/R
2	Илони	Ilona/R
2	Илока	Ilona/R
2	Иллиеш	Illés;Éliás/R
2	Иллет	Illés/R
2	Илиоиз	Alois;Alajos;Lajos/R
2	Илиешь	Illés;Éliás/R
2	Илиаш	Illés;Éliás/R
2	Илемир	Elemér/R
2	Ииштван	István/R
2	Изобела	Izabella/R
2	Изнац	Ignác/R
2	Ижияш	Ézsaiás/R
2	Иёжев	József/R
2	Иесиф	József/R
2	Игшван	István/R
2	Игпат	Ignác/R
2	Игнацов	Ignác/R
2	Игнац-Иожеф-Янош	Ignác-József-János/R
2	Игнал	Ignác/R
2	Игнадц	Ignác/R
2	Игитван	István/R
2	Ивош	Ivo/R
2	Зоштан	Zoltán/R
2	Зоотан	Zoltán/R
2	Зоолтон	Zoltán/R
2	Зонталь	Zoltán/R
2	Зольтнар	Zoltan/R
2	Золтан-Иожеф	Zoltán-József/R
2	Золган	Zoltán/R
2	Зисмон	Zsigmond/R
2	Зильмунд	Zsigmond/R
2	Зильверст	Szilveszter/R
2	Зикфрид	Szigfrid/R
2	Зизмунд	Zsigmond/R
2	Зигтон	Zsigmond/R
2	Зигмунц	Zsigmond/R
2	Зейгмунд	Zsigmond/R
2	Зегмунд	Zsigmond/R
2	Зегезьмунд	Sigismund;Szigizmund;Zsigmond/R
2	Зебостьян	Szebasztián;Sebestyén/R
2	Захарьяш	Zakariás/R
2	Занош	János/R
2	Залитан	Zoltán/R
2	Жушана	Zsuzsanna/R
2	Жула	Gyula/R
2	Жужонна	Zsuzsanna/R
2	Жужжанна	Zsuzsanna/R
2	Жужжана	Zsuzsanna/R
2	Жофья	Zsófia/R
2	Жофна	Zsófia/R
2	Жодмон	Zsigmond/R
2	Жинмоль	Zsigmond/R
2	Жизмунд	Zsigmond/R
2	Жидмонт	Zsigmond/R
2	Жид-Монд	Zsigmond/R
2	Жигмуж	Zsigmond/R
2	Жигизмунд	Sigismund;Szigizmund;Zsigmond/R
2	Живодор	Tivadar/R
2	Жегманд	Zsigmond/R
2	Ёузев	József/R
2	Еюзеф	József/R
2	Еуезеф	József/R
2	Етефан	István/R
2	Етелка	Etelka/R
2	Естеф	Eszter/R
2	Ернюй	Ernő/R
2	Ернуй	Ernő/R
2	Ерной	Ernő/R
2	Ерков	Ernő/R
2	Ержи	Erzsi;Erzsébet/R
2	Ержебед	Erzsébet/R
2	Ереме	Imre/R
2	Енö	Ernő/R
2	Емре	Imre/R
2	Емерин	Imre/R
2	Емериг	Imre/R
2	Емельян	Emília/R
2	Елизавет	Elizabet;Erzsébet/R
2	Елезавета	Elizabet;Erzsébet/R
2	Еезеф	József/R
2	Еежеф	József/R
2	Егоп	Egon/R
2	Еанош	János/R
2	Дяшпор	Gáspár/R
2	Дяордь	György/R
2	Дююзе	Győző/R
2	Дюэрдь	György/R
2	Дюродь	György/R
2	Дюредь	György/R
2	Дюрдю	György/R
2	Дюрдий	György/R
2	Дюоло	Gyula/R
2	Дюменик	Dominik/R
2	Дюлон	Gyula/R
2	Дюло-Левенте	Gyula-Levente/R
2	Дюлок	Gyula/R
2	Дюло-Иштван	Gyula-István/R
2	Дюлод	Gyula/R
2	Дюлог	Gyula/R
2	Дюла-Иозеф	Gyula-József/R
2	Дюзуй	Győző/R
2	Дюерть	György/R
2	Дюердь	György/R
2	Дюард	György/R
2	Дэту	Dezső/R
2	Дэза	Géza/R
2	Дэжуй	Dezső/R
2	Дэжив	Dezső/R
2	Дэжев	Dezső/R
2	Дьосрдь	György/R
2	Дьорди	Györgyi/R
2	Дьёрди	Györgyi/R
2	Дьёдь	György/R
2	Дьердне	Györgyné/R
2	Дьерго	Gergő/R
2	Дьер	György/R
2	Дьевзев	Győző/R
2	Дырть	György/R
2	Дыныш	Dénes/R
2	Дыйнош	Dénes/R
2	Дыгдь	György/R
2	Дуюла	Gyula/R
2	Дулья	Gyula/R
2	Дрердь	György/R
2	Доюла	Gyula/R
2	Доротья	Dorottya/R
2	Дордж	György/R
2	Дорвдь	György/R
2	Домокнус	Domonkos/R
2	Доматор	Demeter/R
2	Доерт	György/R
2	Днердь	György/R
2	Дйырдь	György/R
2	Дйула	Gyula/R
2	Дйордь	György/R
2	Дйорд	György/R
2	Диэрд	György/R
2	Дирдж	György/R
2	Дипеш	Dénes/R
2	Диняш	Dénes/R
2	Динеш-Иштван	Dénes-istván/R
2	Динеус	Dénes/R
2	Динет	Dénes/R
2	Дийнош	Dénes/R
2	Дийлеш	Dénes/R
2	Дижив	Dezső/R
2	Диерть	György/R
2	Дигамир	Tihamér/R
2	Диводар	Tivadar/R
2	Диардь	György/R
2	Диана	Diána/R
2	Диальфаш	Gyárfás/R
2	Дзирдь	György/R
2	Джуле	Gyula/R
2	Дёрдз	György/R
2	Дёрдд	György/R
2	Дёйнеш	Dénes/R
2	Дёердь	György/R
2	Деяк	Deák/R
2	Дешете	Demeter/R
2	Дерфош	Gyárfás/R
2	Дертолон	Bertalan/R
2	Дердьней	Györgyné/R
2	Дердь-Иожеф	György-József/R
2	Дердьв	György/R
2	Дердии	Györgyi/R
2	Дердей	Gergely/R
2	Дерген	Gergely/R
2	Деордж	György/R
2	Демешер	Demeter/R
2	Деметен	Demeter/R
2	Деместер	Demeter/R
2	Дейнеги	Dénes/R
2	Дейжо	Dezső/R
2	Деирдь	György/R
2	Дежюй	Dezső/R
2	Дежуер	Dezső/R
2	Дежию	Dezső/R
2	Девзев	Győző/R
2	Дворть	György/R
2	Двирьдь	György/R
2	Дварфаш	Gyárfás/R
2	Даунат	Donát/R
2	Даниеш	Dénes/R
2	Дамоннош	Domonkos/R
2	Дамиель	Dániel/R
2	Далинд	Bálint/R
2	Дайкеш	Dénes/R
2	Дажею	Dezső/R
2	Давсид	Dávid/R
2	Гязо	Géza/R
2	Гюзеф	József/R
2	Густау	Gusztáv/R
2	Густар	Gusztáv/R
2	Густал	Gusztáv/R
2	Гуетов	Gusztáv/R
2	Голдижар	Boldizsár/R
2	Гойош	Lajos/R
2	Гойзе	Géza/R
2	Говрил	Gavril;Gábor/R
2	Гоборг	Gábor/R
2	Гитван	István/R
2	Гистав	Gusztáv/R
2	Гиойгр	György/R
2	Гизене	Gizella/R
2	Гиводор	Tivadar/R
2	Гзела	Gizella/R
2	Гёорг	György/R
2	Герцег	Herceg/R
2	Гертруда	Gertrúd/R
2	Гергяй	Gergely/R
2	Георгэй	Gergely/R
2	Георгой	Gergely/R
2	Геого	Gergő/R
2	Геннрих	Henrik;Heinrich/R
2	Гезело	Gizella/R
2	Гашцар	Gáspár/R
2	Гашпот	Gáspár/R
2	Гашпод	Gáspár/R
2	Гашперт	Gáspár/R
2	Гашпари	Gáspár/R
2	Гашпаль	Gáspár/R
2	Гашпад	Gáspár/R
2	Гашкор	Gáspár/R
2	Гашкер	Gáspár/R
2	Гашиор	Gáspár/R
2	Гаспер	Gáspár/R
2	Гаснор	Gáspár/R
2	Гасбар	Gáspár/R
2	Гаршпар	Gáspár/R
2	Гаршнар	Gáspár/R
2	Гароль	Károly/R
2	Гарий	Károly/R
2	Гамбург	Hamburg/R
2	Гайдор	Gábor/R
2	Гайбор	Gábor/R
2	Газмер	Kázmér/R
2	Гажнар	Gáspár/R
2	Гаврик	Gavril;Gábor/R
2	Габут	Gábor/R
2	Габрила	Gabriella/R
2	Габгур	Gábor/R
2	Ворунька	Veronika;Veronka/R
2	Ворбала	Borbála/R
2	Вольдыжар	Boldizsár/R
2	Волерия	Valéria/R
2	Войтык	Vojtek;Béla/R
2	Войтих	Vojtek;Béla/R
2	Войтик	Vojtek;Béla/R
2	Влодислов	László/R
2	Влодислав	László/R
2	Власио	László/R
2	Влазло	László/R
2	Владеслав	László/R
2	Вистор	Viktor/R
2	Винцус	Vince/R
2	Винцельне	Vincéné/R
2	Виля	Béla/R
2	Вильнот	Vilmos/R
2	Вилхелм	Wilhelm;Vilmos/R
2	Вилма	Vilma/R
2	Вилгем	Wilhelm;Vilmos/R
2	Виламуш	Vilmos/R
2	Верунка	Veronka;Veronika/R
2	Вертолин	Bertalan/R
2	Вермеш Иожеф	Vermes József/R
2	Вермеш	Vermes/R
2	Вепдел	Vendel/R
2	Веорика	Veronika;Veronka/R
2	Венямин	Benjámin/R
2	Венианим	Benjámin/R
2	Венедек	Benedek/R
2	Вендец	Vendel/R
2	Венгрия	Magyarország/R
2	Васлав	Václav;Vencel/R
2	Василеи	Vasile;László/R
2	Валенд	Bálint/R
2	Бялаж	Balázs/R
2	Бэлое	Béla/R
2	Бэило	Béla/R
2	Бортален	Bertalan/R
2	Борновош	Barnabás/R
2	Борнабеш	Barnabás/R
2	Боркобаш	Barnabás/R
2	Борбела	Borbála/R
2	Борбалло	Borbála/R
2	Бондижер	Boldizsár/R
2	Больжидар	Boldizsár/R
2	Больдиша	Boldizsár/R
2	Больдитор	Boldizsár/R
2	Больдитар	Boldizsár/R
2	Больдинар	Boldizsár/R
2	Больдижаль	Boldizsár/R
2	Больдежан	Boldizsár/R
2	Больдажер	Boldizsár/R
2	Боллаш	Balázs/R
2	Болинтин	Bálint/R
2	Болдыусар	Boldizsár/R
2	Болдыжан	Boldizsár/R
2	Болдожар	Boldizsár/R
2	Болдитор	Boldizsár/R
2	Болдинсар	Boldizsár/R
2	Болдашар	Boldizsár/R
2	Болайш	Balázs/R
2	Болаис	Balázs/R
2	Бойдижар	Boldizsár/R
2	Бласус	Blasius;Balázs/R
2	Бланка	Blanka/R
2	Бладизар	Boldizsár/R
2	Билаж	Balázs/R
2	Биело	Béla/R
2	Беяла	Béla/R
2	Берюлон	Bertalan/R
2	Бершолон	Bertalan/R
2	Бершалом	Bertalan/R
2	Бертоломей	Bartolomeo;Bertalan/R
2	Берпат	Bernát/R
2	Бернгарт	Bernhard;Bernát/R
2	Бернаш	Bernát/R
2	Бернау	Bernát/R
2	Бернадош	Bernadett/R
2	Бергарт	Bernhard;Bernát/R
2	Бергант	Bernhard;Bernát/R
2	Бенуи	Benő/R
2	Бенодек	Benedek/R
2	Бениатин	Benjámin/R
2	Бениалит	Benjámin/R
2	Бениалин	Benjámin/R
2	Бенедец	Benedek/R
2	Бенедет	Benedek/R
2	Бенгард	Bernhard;Bernát/R
2	Бенаш	Bernát/R
2	Белой	Béla/R
2	Бело-Агоштон	Béla-Ágoston/R
2	Белау	Béla/R
2	Белат	Béla/R
2	Бедямин	Benjámin/R
2	Беденек	Benedek/R
2	Беало	Béla/R
2	Батинд	Bálint/R
2	Бартоломе	Bartolomeo;Bertalan/R
2	Бартолом	Bartolomeo;Bertalan/R
2	Барноташ	Barnabás/R
2	Барнобат	Barnabás/R
2	Барнаташ	Barnabás/R
2	Барнабан	Barnabás/R
2	Бальдижа	Boldizsár/R
2	Балоджар	Boldizsár/R
2	Балихт	Bálint/R
2	Балинэт	Bálint/R
2	Балинит	Bálint/R
2	Балинет	Bálint/R
2	Балинда	Bálint/R
2	Балинат	Bálint/R
2	Балдижан	Boldizsár/R
2	Балашт	Balázs/R
2	Бакинт	Bálint/R
2	Аугостон	Ágoston/R
2	Арпау	Árpád/R
2	Арпант	Árpád/R
2	Арпаб	Árpád/R
2	Ароль	Áron/R
2	Арнед	Árpád/R
2	Аовжеф	József/R
2	Антон-Бейло	Antal-Béla/R
2	Антолие	Antalné/R
2	Анна-Марья	Anna-Mária;Annamária/R
2	Анна Мария	Anna-Mária;Annamária/R
2	Анка	Anna/R
2	Ания	Anna;Anita/R
2	Анитен	Anita/R
2	Аниа	Anna/R
2	Андрошне	Andrásné/R
2	Андроц	András/R
2	Андрелш	András/R
2	Андреж	András/R
2	Андрашней	Andrásné/R
2	Андрашис	Andrásné/R
2	Андрашие	Andrásné/R
2	Андорьян	Adorján/R
2	Андела	Angéla/R
2	Ангело	Angéla/R
2	Анбреаш	András/R
2	Анамерия	Annamária/R
2	Амбруш-Ференц	Ambrus-Ferenc/R
2	Аляйус	Alajos;Lajos/R
2	Аляеш	Alajos;Lajos/R
2	Алядар	Aladár/R
2	Альфрод	Alfréd/R
2	Альперт	Albert/R
2	Альбрит	Albert/R
2	Алфредни-Маргита	Alfrédné-Margit/R
2	Алпад	Árpád/R
2	Алонш	Alois;Alajos;Lajos/R
2	Аломош	Alajos;Lajos/R
2	Алойе	Alajos/R
2	Алож	Alois;Alajos;Lajos/R
2	Аллоиш	Alois;Alajos;Lajos/R
2	Аликсандр	Alexandra;Alexander;Alexandru;Sándor/R
2	Алесандр	Alexandra;Alexander;Alexandru;Sándor/R
2	Алексондар	Alexandra;Alexander;Alexandru;Sándor/R
2	Александур	Alexandra;Alexander;Alexandru;Sándor/R
2	Александрио	Alexandra;Alexander;Alexandru;Sándor/R
2	Александар	Alexandra;Alexander;Alexandru;Sándor/R
2	Алдраш	András/R
2	Алаюуш	Alajos;Lajos/R
2	Алада	Alida;Aladár/R
2	Акуштоль	Ágoston/R
2	Айлошь	Alois;Alajos;Lajos/R
2	Айлош	Alois;Alajos;Lajos/R
2	Айдраш	András/R
2	Адуард	Eduárd/R
2	Адреас	András/R
2	Адольборт	Adalbert/R
2	Аделберг	Adalbert/R
2	Адамний	Ádámné/R
2	Агуштом	Ágoston/R
2	Агужтоп	Ágoston/R
2	Агоштош	Ágoston/R
2	Агоштонни-Эржейбет	Ágostonné-Erzsébet/R
2	Агошпон	Ágoston/R
2	Агото	Ágota/R
2	Агота	Ágota/R
2	Агостолн	Ágoston/R
2	Агостин	Ágoston/R
2	Агода	Ágota/R
2	Агнешь	Ágnes/R
2	Агиеш	Ágnes/R
2	Агата	Ágota/R
2	Абелл	Ábel/R
1	Яынеш	János/R
1	Яшош-Иштван	János-István/R
1	Яс-ференс	Jász Ferenc/R
1	Ярпат	Árpád/R
1	Ярнад	Árpád/R
1	Яоюш	János/R
1	Януш Юзеф	János József/R
1	Януш-Пал	János-Pál/R
1	Янушный	Jánosné/R
1	Янушне-Терезич	Jánosné-Terézia/R
1	Янушнет	Jánosné/R
1	Янушна Катд	Jánosné-Kata/R
1	Янушлей	Jánosné/R
1	Янушка	Jánoska;Jánosné/R
1	Януш-Иозеф	János-József/R
1	Янушимре	János Imre/R
1	Януш-Иван	János-Iván/R
1	Януйны	Jánosné/R
1	Янош-Юзеф	János-József/R
1	Янош-Шандор	János-Sándor/R
1	Янош-Фридеш	János-Frigyes/R
1	Янош-Ференц	János-Ferenc/R
1	Янош-Петерш	János-Péter/R
1	Янош-Орбон	János-Orbán/R
1	Янош-Ондрош	János-András/R
1	Яношнэй-Агота	Jánosné-Ágota/R
1	Яношной	Jánosné/R
1	Яношнел	Jánosné/R
1	Яношней-Мотыльд	Jánosné-Matild/R
1	Янош-Мигай	János-Mihály/R
1	Яношке-Анна-Мари	Jánosné-Anna-Mária;Jánosné-Annamária/R
1	Янош Иштвац	János István/R
1	Янош-Имре	János-Imre/R
1	Янош Золтан	János Zoltán/R
1	Яношевич	Jánosevics/R
1	Янош Дюла	János-Gyula/R
1	Янош Бейло-Шандор-Ксавер	János-Béla-Sándor-Xavér/R
1	янош	János/R
1	Яной-Лоренц	János-Lőrinc/R
1	Яладар	Aladár/R
1	Якуштун	Ágoston/R
1	Яковни	Jákobné/R
1	Яковне	Jákobné/R
1	Яковна	Jákobné/R
1	Яковле	Jákobné/R
1	Якоб Якоб	Jákob Jákob/R
1	Якоб-Бейло	Jákob-Béla/R
1	Ягуштон	Ágoston/R
1	Ягунтуш	Ágoston/R
1	Ягаштон	Ágoston/R
1	Юштван	István/R
1	Юшефне	Józsefné/R
1	Юусафне	Józsefné/R
1	Юулиана	Julianna/R
1	Юула	Júlia/R
1	Ютеф-Густав	József-Gusztáv/R
1	Юошеф	József/R
1	Юоуля	Júlia/R
1	Юосиф	József/R
1	Юосеф	József/R
1	Юожет	József/R
1	Юожер	József/R
1	Юожаф	József/R
1	Юниуш	Julius;Gyula/R
1	Юниана	Julianna/R
1	Юльяпа	Julianna/R
1	Юльянс	Julianna/R
1	Юльянно	Júlianna/R
1	Юльянло	Júlianna/R
1	Юльяне	Julianna/R
1	Юльяко	Julianna/R
1	Юлья	Júlia/R
1	Юльчи	Júlcsi;Júlia/R
1	Юльоно	Julianna/R
1	Юлыана	Julianna/R
1	Юлсеф	József/R
1	Юлояна	Julianna/R
1	Юлнана	Julianna/R
1	Юлйана	Julianna/R
1	Юлиянно	Julianna/R
1	Юлияне	Julianna/R
1	Юлияжа	Julianna/R
1	(Юлия)	(Júlia)/R
1	Юлиюш	Julius;Gyula/R
1	Юлиюис	Julius;Gyula/R
1	Юлична	Juliska;Júlia;Julianna/R
1	Юлиусс	Julius;Gyula/R
1	Юлиска	Juliska;Júlia;Julianna/R
1	Юлионо	Julianna/R
1	Юлиомо	Julianna/R
1	Юлиене	Julianna/R
1	Юлианца	Julianna/R
1	Юлианне	Julianna/R
1	Юлианнд	Julianna/R
1	Юлианко	Julianna/R
1	Юлианка	Julianna/R
1	Юлиани	Julianna/R
1	Юлиала	Julianna/R
1	Юлзеф	József/R
1	Юлжев	József/R
1	Юлео	Júlia/R
1	Юйжеф	József/R
1	Юзиоф	József/R
1	Юзиер	József/R
1	Юзиееф	József/R
1	Юзиев	József/R
1	Юзеф Ференц	József-Ferenc/R
1	Юзефс	József/R
1	Юзеф-Лаюш	József-Lajos/R
1	Юзеф-Золден	József-Zoltán/R
1	Юзеф-Давид	József-Dávid/R
1	Юзеф-Гаспар	József-Gáspár/R
1	Юзеф-Габур	József-Gábor/R
1	Юзеф Виктор	József-Viktor/R
1	Юзефв	József/R
1	Южыф	József/R
1	Южеф (Юзеф	József/R
1	Южеф-Шандор	József-Sándor/R
1	Южефш	József/R
1	Южефт	József/R
1	Южефне-Терец	Józsefné-Teréz/R
1	Южефне-Мария	Józsefné-Mária/R
1	Южефл	József/R
1	Южеф-Иштван	József-István/R
1	Южефв	József/R
1	Южев-Лукач	József-Lukács/R
1	Юезиф	József/R
1	Югас-Пол	Juhász Pál/R
1	Югас-Пал	Juhász Pál/R
1	Ювсеф	József/R
1	Ювжефт	József/R
1	Эшван	István/R
1	Эузеф	József/R
1	Эужев	József/R
1	Этэлка	Etelka/R
1	Этелько	Etelka/R
1	Этелку	Etelka/R
1	Эсттер	Eszter/R
1	Эстофан-Пауль	István-Pál/R
1	Эстеф	Eszter/R
1	Эстери	Eszter/R
1	Эстван	István/R
1	Эрэшбет	Erzsébet/R
1	Эршиввер	Erzsébet/R
1	Эршибель	Erzsébet/R
1	Эршибед	Erzsébet/R
1	Эршевет	Erzsébet/R
1	Эршеболь	Erzsébet/R
1	Эршебол	Erzsébet/R
1	Эршебат	Erzsébet/R
1	Эршабет	Erzsébet/R
1	Эрушбет	Erzsébet/R
1	Эрушберт	Erzsébet/R
1	Эрусибет	Erzsébet/R
1	Эртсибет	Erzsébet/R
1	Эртибит	Erzsébet/R
1	Эртибетш	Erzsébet/R
1	Эрстибот	Erzsébet/R
1	Эрсобет	Erzsébet/R
1	Эромиаш	Jeremiás/R
1	Эромбет	Erzsébet/R
1	Эрнэю	Ernő/R
1	Эрншбет	Erzsébet/R
1	Эрншбед	Erzsébet/R
1	Эрнуш	Ernő/R
1	Эрною	Ernő/R
1	Эрноу	Ernő/R
1	Эрно-Лоюш	Ernő-Lajos/R
1	Эрно-Золтан	Ernő-Zoltán/R
1	Эрноё	Ernő/R
1	Эрне-Тибор	Ernő-Tibor/R
1	Эрисибет	Erzsébet/R
1	Эрисбат	Erzsébet/R
1	Эримбет	Erzsébet/R
1	Эризабет	Elizabet;Erzsébet/R
1	Эрижбет	Erzsébet/R
1	Эрибет	Erzsébet/R
1	Эрзибет	Erzsébet/R
1	Эржьбет	Erzsébet/R
1	Эржльбат	Erzsébet/R
1	Эржихет	Erzsébet/R
1	Эржирберт	Erzsébet/R
1	Эржийет	Erzsébet/R
1	Эржигет	Erzsébet/R
1	Эрживст	Erzsébet/R
1	Эрживий	Erzsébet/R
1	Эрживед	Erzsébet/R
1	Эржиблит	Erzsébet/R
1	Эржибит	Erzsébet/R
1	Эржибий	Erzsébet/R
1	Эржибеш	Erzsébet/R
1	Эржибет-Териз	Erzsébet-Teréz/R
1	(Эржибет)	(Erzsébet)/R
1	Эржиберк	Erzsébet/R
1	Эржибен	Erzsébet/R
1	Эржибеб	Erzsébet/R
1	Эржибвет	Erzsébet/R
1	Эржибай	Erzsébet/R
1	Эржёбет	Erzsébet/R
1	Эржета	Erzsébet/R
1	Эржесбот	Erzsébet/R
1	Эрженбет	Erzsébet/R
1	Эржейбат	Erzsébet/R
1	Эржейбай	Erzsébet/R
1	Эржежбет	Erzsébet/R
1	Эржедет	Erzsébet/R
1	Эржевед	Erzsébet/R
1	Эржеват	Erzsébet/R
1	Эржева	Erzsébet/R
1	(Эржебет)	(Erzsébet)/R
1	Эржебес	Erzsébet/R
1	Эржеберт	Erzsébet/R
1	Эржебер	Erzsébet/R
1	Эржебеп	Erzsébet/R
1	Эржебель	Erzsébet/R
1	Эржебек	Erzsébet/R
1	Эржебейт	Erzsébet/R
1	Эржебеги	Erzsébet/R
1	Эржебеа	Erzsébet/R
1	Эржебат	Erzsébet/R
1	Эржбед	Erzsébet/R
1	Эржабета	Erzsébet/R
1	Эржабед	Erzsébet/R
1	Эремияш	Jeremiás/R
1	Эремиар	Jeremiás/R
1	Эрджибет	Erzsébet/R
1	Эрджебес	Erzsébet/R
1	Эрдеи-Георг	Erdei György/R
1	Эргисбет	Erzsébet/R
1	Эргинбед	Erzsébet/R
1	Эргибеш	Erzsébet/R
1	Эрвин-Эльмар	Ervin-Elemér/R
1	Эрвенбет	Erzsébet/R
1	Эрбибет	Erzsébet/R
1	Эражбет	Erzsébet/R
1	Эожев	József/R
1	Энсибет	Erzsébet/R
1	Энрде	Endre/R
1	Эндрию	Endre/R
1	Эндрис	Endre;András/R
1	Эндрио	Endre/R
1	Эндриас	András;Endre/R
1	Эндрас	András;Endre/R
1	Эмюке	Emőke/R
1	Эммануил	Emánuel;Immánuel/R
1	Эмериц	Imre/R
1	Эмерих-Золтан	Imre-Zoltán/R
1	Эмерии	Imre/R
1	Эмериг	Imre/R
1	Эмарих	Imre/R
1	Эманули	Emánuel;Immánuel/R
1	Эмануин	Emánuel;Immánuel/R
1	Эмануеш	Emánuel;Immánuel/R
1	Эманоил	Emánuel;Immánuel/R
1	Эманоел	Emánuel;Immánuel/R
1	Эмандэл	Emánuel;Immánuel;Mendel/R
1	Эмандуэль	Emánuel;Immánuel;Mendel/R
1	Эмандел	Emánuel;Immánuel;Mendel/R
1	Эмайдуцель	Emánuel;Immánuel;Mendel/R
1	Элэк-Имре	Elek-Imre/R
1	Эльстер	Eszter/R
1	Эльзиберт	Erzsébet/R
1	Эльвера	Elvira/R
1	Эломер	Elemér/R
1	Эллемыр	Elemér/R
1	Эллаш	Illés;Éliás/R
1	Элламир	Elemér/R
1	Элисибет	Elizabet;Erzsébet/R
1	Элимаер	Elemér/R
1	(Элизабет)	(Elizabet;Erzsébet)/R
1	Эливер	Olivér/R
1	Элибер	Olivér/R
1	Элиай	Éliás;Illés/R
1	Элжебер	Erzsébet/R
1	Элёза	Eliza/R
1	Элеонари	Eleonóra/R
1	Элеонара	Eleonóra/R
1	Элемынр	Elemér/R
1	Элеммир	Elemér/R
1	Элемлер	Elemér/R
1	Элемиэр	Elemér/R
1	Элемиро	Elemér/R
1	Элелемир	Elemér/R
1	Элек-Янош	Elek-János/R
1	Элек-Элемер	Elek-Elemér/R
1	Элекний	Elekné/R
1	Элек-Лаеш	Elek-Lajos/R
1	Элек-Иштван	Elek-István/R
1	Элек-Имре	Elek-Imre/R
1	Элейк	Elek/R
1	Элежир	Elemér/R
1	Эланора	Eleonóra/R
1	Эламейер	Elemér/R
1	Элаеш	Éliás;Illés/R
1	Эзекиаш	Ezékiás/R
1	Эзегмунд	Sigismund;Szigizmund;Zsigmond/R
1	Эжичмону	Sigismund;Szigizmund;Zsigmond/R
1	Эжибет	Erzsébet/R
1	Эжельберт	Erzsébet/R
1	Эжеберт	Erzsébet/R
1	Эдьед Янош	Egyed János/R
1	Эдыт	Edit/R
1	Эгри	Egri/R
1	Эгржебед	Erzsébet/R
1	Эвжибед	Erzsébet/R
1	Щитван	István/R
1	Щендур	Sándor/R
1	Шямуил	Sámuel/R
1	Шяидор	Sándor/R
1	Шытван	István/R
1	Шымуаль	Sámuel/R
1	Шшшван	István/R
1	Шштвон	István/R
1	Шштаван	István/R
1	Шутвон	István/R
1	Шутвол	István/R
1	Шутвван	István/R
1	Шутваль	István/R
1	Шумуил	Sámuel/R
1	Шумоди	Somodi;Somody;Somogyi/R
1	Штефант	István/R
1	Штефан-Пол	István-Pál/R
1	Штефан-Миклош	István-Miklós/R
1	Штефаль	István/R
1	Штефал	István/R
1	Штефай	István/R
1	Штейфан	István/R
1	Шорулто	Sarolta/R
1	Шомуело	Sámuel/R
1	Шомоди	Somodi;Somody;Somogyi/R
1	Шолотон	Salamon/R
1	Шобёбештён	Szebasztián;Sebestyén/R
1	Шобештен	Sebestyén/R
1	Шобестя	Szebasztián;Sebestyén/R
1	Шландор	Sándor/R
1	Шихаль	Mihály/R
1	Шитьван	István/R
1	Шиттван	István/R
1	Шитвян	István/R
1	Шитвань	István;Istvánné/R
1	Шитвант	István;Istvánné/R
1	Шитванн	István;Istvánné/R
1	Шитвани	István;Istvánné/R
1	Шитвана	István;Istvánné/R
1	Шитваи	István/R
1	Шитбан	István/R
1	Шимон-Пал	Simon-Pál/R
1	Шимоноферец	Simon Ferenc/R
1	Шимон-Лоеш	Simon Lajos/R
1	Шимон-Ласло	Simon László/R
1	Шимоль	Simon/R
1	Шиитван	István/R
1	Шидмоид	Zsigmond/R
1	Шиводор	Tivadar/R
1	Шивадор	Tivadar/R
1	Шепешдин	Sebestyén/R
1	Шейтван	István/R
1	Шевоштейн	Sebestyén/R
1	Шевостьянщ	Szebasztián;Sebestyén/R
1	Шевештин	Sebestyén/R
1	Шевенитен	Sebestyén/R
1	Шевастьян	Szebasztián;Sebestyén/R
1	Шебштойн	Sebestyén/R
1	Шебштин	Sebestyén/R
1	Шебштен	Sebestyén/R
1	Шебстен	Sebestyén/R
1	Шебоштели	Sebestyén/R
1	Шебостян	Szebasztián;Sebestyén/R
1	Шебоситана	Szebasztián;Sebestyén/R
1	Шебитень	Sebestyén/R
1	Шебешян	Sebestyén/R
1	Шебешчен	Sebestyén/R
1	Шебештым	Sebestyén/R
1	Шебештиш	Sebestyén/R
1	Шебештины	Sebestyén/R
1	Шебештинен	Sebestyén/R
1	Шебештил	Sebestyén/R
1	Шебештенх	Sebestyén/R
1	Шебештену	Sebestyén/R
1	Шебештели	Sebestyén/R
1	Шебештек	Sebestyén/R
1	Шебештеан	Sebestyén/R
1	Шебешетен	Sebestyén/R
1	Шебешдин	Sebestyén/R
1	Шебешбин	Sebestyén/R
1	Шебешади	Sebestyén/R
1	Шебеттин	Sebestyén/R
1	Шебетти	Sebestyén/R
1	Шебетин	Sebestyén/R
1	Шебестяс	Szebasztián;Sebestyén/R
1	Шебести	Sebestyén/R
1	Шебестейм	Sebestyén/R
1	Шебестан	Sebestyén/R
1	Шебеньчиш	Sebestyén/R
1	Шебентин	Sebestyén/R
1	Шебемчин	Sebestyén/R
1	Шебейстиен	Szebasztián;Sebestyén/R
1	Шебеештян	Sebestyén/R
1	Шебаштан	Sebestyén/R
1	Шаундор	Sándor/R
1	Шаумэль	Sámuel/R
1	Шаумен	Sámuel/R
1	Шасмуел	Sámuel/R
1	Шарорта	Sarolta/R
1	Шаролта-Иштваннэй	Sarolta-Istvánné/R
1	Шаролота	Sarolta/R
1	Шаральта	Sarolta/R
1	Шаондар	Sándor/R
1	Шаодор	Sándor/R
1	Шанудор	Sándor/R
1	Шанодор	Sándor/R
1	Шанодар	Sándor/R
1	Шандур-Онтол	Sándor-Antal/R
1	Шандурны	Sándorné/R
1	Шандурней	Sándorné/R
1	Шандур-Антол	Sándor-Antal/R
1	Шандуо	Sándor/R
1	Шандуней	Sándorné/R
1	Шандрур	Sándor/R
1	Шандох	Sándor/R
1	Шандор-Януш	Sándor-János/R
1	Шандор-Шамуель	Sándor-Sámuel/R
1	Шандор-Френц-Шандор	Sándor-Ferenc-Sándor/R
1	Шандорний	Sándorné/R
1	Шандор Михай	Sándor Mihály/R
1	Шандор-Иштван	Sándor-István/R
1	Шандор-Имре	Sándor-Imre/R
1	Шандор-И	Sándor/R
1	Шандор-Дюло	Sándor-Gyula/R
1	Шандор-Дердь	Sándor-György/R
1	Шандорвинце	Sándor Vince/R
1	Шандор-Андраш	Sándor-András/R
1	Шандор-Адам	Sándor-Ádám/R
1	Шандоорне	Sándorné/R
1	Шанднор	Sándor/R
